[
null,
{"id":1,"battlerName":"Actor1_1","characterIndex":0,"characterName":"Actornu","classId":1,"equips":[1,1,2,3,0],"faceIndex":0,"faceName":"Actor1","traits":[],"initialLevel":1,"maxLevel":99,"name":"Player","nickname":"","note":"","profile":""},
{"id":2,"battlerName":"Actor2_1","characterIndex":1,"characterName":"Actornu","classId":1,"equips":[0,0,0,0,0],"faceIndex":1,"faceName":"Actor1","traits":[],"initialLevel":1,"maxLevel":99,"name":"Follower","nickname":"","note":"","profile":""}
]