[
null,
{"id":1,"list":[{"code":230,"indent":0,"parameters":[5]},{"code":111,"indent":0,"parameters":[11,"cancel"]},{"code":121,"indent":1,"parameters":[96,96,0]},{"code":231,"indent":1,"parameters":[1,"Title_temp",0,0,0,0,100,100,255,0]},{"code":231,"indent":1,"parameters":[2,"save",0,0,0,0,100,100,255,0]},{"code":231,"indent":1,"parameters":[3,"load",0,0,0,0,100,100,255,0]},{"code":231,"indent":1,"parameters":[4,"map",0,0,0,0,100,100,255,0]},{"code":231,"indent":1,"parameters":[5,"config",0,0,0,0,100,100,255,0]},{"code":231,"indent":1,"parameters":[6,"exit",0,0,0,0,100,100,255,0]},{"code":234,"indent":1,"parameters":[2,[34,-34,-68,170],1,false]},{"code":230,"indent":1,"parameters":[10]},{"code":250,"indent":1,"parameters":[{"name":"Book2","volume":90,"pitch":100,"pan":0}]},{"code":122,"indent":1,"parameters":[20,20,0,0,1]},{"code":112,"indent":1,"parameters":[]},{"code":122,"indent":2,"parameters":[19,19,0,0,0]},{"code":108,"indent":2,"parameters":["Stop player movement"]},{"code":205,"indent":2,"parameters":[-1,{"list":[{"code":15,"parameters":[10],"indent":null},{"code":0}],"repeat":false,"skippable":false,"wait":false}]},{"code":505,"indent":2,"parameters":[{"code":15,"parameters":[10],"indent":null}]},{"code":108,"indent":2,"parameters":["Change menu control variable"]},{"code":111,"indent":2,"parameters":[11,"left"]},{"code":250,"indent":3,"parameters":[{"name":"Book1","volume":90,"pitch":100,"pan":0}]},{"code":122,"indent":3,"parameters":[20,20,2,0,1]},{"code":230,"indent":3,"parameters":[10]},{"code":0,"indent":3,"parameters":[]},{"code":412,"indent":2,"parameters":[]},{"code":111,"indent":2,"parameters":[11,"right"]},{"code":250,"indent":3,"parameters":[{"name":"Book1","volume":90,"pitch":100,"pan":0}]},{"code":122,"indent":3,"parameters":[20,20,1,0,1]},{"code":230,"indent":3,"parameters":[10]},{"code":0,"indent":3,"parameters":[]},{"code":412,"indent":2,"parameters":[]},{"code":111,"indent":2,"parameters":[1,20,0,0,0]},{"code":122,"indent":3,"parameters":[20,20,0,0,5]},{"code":0,"indent":3,"parameters":[]},{"code":412,"indent":2,"parameters":[]},{"code":111,"indent":2,"parameters":[1,20,0,6,0]},{"code":122,"indent":3,"parameters":[20,20,0,0,1]},{"code":0,"indent":3,"parameters":[]},{"code":412,"indent":2,"parameters":[]},{"code":108,"indent":2,"parameters":["Change highlighted pictures"]},{"code":234,"indent":2,"parameters":[2,[0,0,0,0],1,false]},{"code":234,"indent":2,"parameters":[3,[0,0,0,0],1,false]},{"code":234,"indent":2,"parameters":[4,[0,0,0,0],1,false]},{"code":234,"indent":2,"parameters":[5,[0,0,0,0],1,false]},{"code":234,"indent":2,"parameters":[6,[0,0,0,0],1,false]},{"code":111,"indent":2,"parameters":[1,20,0,1,0]},{"code":234,"indent":3,"parameters":[2,[-68,34,-68,170],1,false]},{"code":0,"indent":3,"parameters":[]},{"code":412,"indent":2,"parameters":[]},{"code":111,"indent":2,"parameters":[1,20,0,2,0]},{"code":234,"indent":3,"parameters":[3,[-68,34,-68,170],1,false]},{"code":0,"indent":3,"parameters":[]},{"code":412,"indent":2,"parameters":[]},{"code":111,"indent":2,"parameters":[1,20,0,3,0]},{"code":234,"indent":3,"parameters":[4,[-68,34,-68,170],1,false]},{"code":0,"indent":3,"parameters":[]},{"code":412,"indent":2,"parameters":[]},{"code":111,"indent":2,"parameters":[1,20,0,4,0]},{"code":234,"indent":3,"parameters":[5,[-68,34,-68,170],1,false]},{"code":0,"indent":3,"parameters":[]},{"code":412,"indent":2,"parameters":[]},{"code":111,"indent":2,"parameters":[1,20,0,5,0]},{"code":234,"indent":3,"parameters":[6,[-85,34,-68,170],1,false]},{"code":0,"indent":3,"parameters":[]},{"code":412,"indent":2,"parameters":[]},{"code":111,"indent":2,"parameters":[11,"ok"]},{"code":111,"indent":3,"parameters":[1,20,0,1,0]},{"code":122,"indent":4,"parameters":[19,19,0,0,1]},{"code":250,"indent":4,"parameters":[{"name":"Complete","volume":90,"pitch":100,"pan":0}]},{"code":355,"indent":4,"parameters":["SceneManager.push(Scene_Save);"]},{"code":111,"indent":4,"parameters":[11,"ok"]},{"code":122,"indent":5,"parameters":[19,19,0,0,0]},{"code":230,"indent":5,"parameters":[10]},{"code":0,"indent":5,"parameters":[]},{"code":412,"indent":4,"parameters":[]},{"code":111,"indent":4,"parameters":[11,"cancel"]},{"code":122,"indent":5,"parameters":[19,19,0,0,0]},{"code":230,"indent":5,"parameters":[10]},{"code":0,"indent":5,"parameters":[]},{"code":412,"indent":4,"parameters":[]},{"code":0,"indent":4,"parameters":[]},{"code":412,"indent":3,"parameters":[]},{"code":111,"indent":3,"parameters":[1,20,0,2,0]},{"code":122,"indent":4,"parameters":[19,19,0,0,1]},{"code":250,"indent":4,"parameters":[{"name":"Complete","volume":90,"pitch":100,"pan":0}]},{"code":355,"indent":4,"parameters":["SceneManager.push(Scene_Load);"]},{"code":111,"indent":4,"parameters":[11,"ok"]},{"code":122,"indent":5,"parameters":[19,19,0,0,0]},{"code":230,"indent":5,"parameters":[10]},{"code":0,"indent":5,"parameters":[]},{"code":412,"indent":4,"parameters":[]},{"code":111,"indent":4,"parameters":[11,"cancel"]},{"code":122,"indent":5,"parameters":[19,19,0,0,0]},{"code":230,"indent":5,"parameters":[10]},{"code":0,"indent":5,"parameters":[]},{"code":412,"indent":4,"parameters":[]},{"code":0,"indent":4,"parameters":[]},{"code":412,"indent":3,"parameters":[]},{"code":111,"indent":3,"parameters":[1,20,0,3,0]},{"code":250,"indent":4,"parameters":[{"name":"Book2","volume":90,"pitch":100,"pan":0}]},{"code":112,"indent":4,"parameters":[]},{"code":205,"indent":5,"parameters":[-1,{"list":[{"code":15,"parameters":[10],"indent":null},{"code":0}],"repeat":false,"skippable":false,"wait":false}]},{"code":505,"indent":5,"parameters":[{"code":15,"parameters":[10],"indent":null}]},{"code":111,"indent":5,"parameters":[12,"$gameMap.mapId() == 001 || $gameMap.mapId() == 006"]},{"code":231,"indent":6,"parameters":[50,"map_hub",0,0,0,0,100,100,255,0]},{"code":111,"indent":6,"parameters":[0,7,0]},{"code":231,"indent":7,"parameters":[51,"map_hub_sp1finished",0,0,0,0,100,100,255,0]},{"code":0,"indent":7,"parameters":[]},{"code":412,"indent":6,"parameters":[]},{"code":111,"indent":6,"parameters":[0,15,0]},{"code":231,"indent":7,"parameters":[52,"map_hub_sp3finished",0,0,0,0,100,100,255,0]},{"code":0,"indent":7,"parameters":[]},{"code":412,"indent":6,"parameters":[]},{"code":111,"indent":6,"parameters":[0,21,0]},{"code":231,"indent":7,"parameters":[53,"map_hub_sp2finished",0,0,0,0,100,100,255,0]},{"code":0,"indent":7,"parameters":[]},{"code":412,"indent":6,"parameters":[]},{"code":0,"indent":6,"parameters":[]},{"code":412,"indent":5,"parameters":[]},{"code":111,"indent":5,"parameters":[12,"$gameMap.mapId() == 002"]},{"code":231,"indent":6,"parameters":[10,"spoke1_default",0,0,0,0,100,100,255,0]},{"code":111,"indent":6,"parameters":[1,10,0,1,0]},{"code":231,"indent":7,"parameters":[11,"p1",0,0,0,0,100,100,255,0]},{"code":0,"indent":7,"parameters":[]},{"code":412,"indent":6,"parameters":[]},{"code":111,"indent":6,"parameters":[1,10,0,2,0]},{"code":231,"indent":7,"parameters":[12,"p2",0,0,0,0,100,100,255,0]},{"code":0,"indent":7,"parameters":[]},{"code":412,"indent":6,"parameters":[]},{"code":111,"indent":6,"parameters":[1,10,0,3,0]},{"code":231,"indent":7,"parameters":[13,"p3",0,0,0,0,100,100,255,0]},{"code":0,"indent":7,"parameters":[]},{"code":412,"indent":6,"parameters":[]},{"code":111,"indent":6,"parameters":[1,10,0,4,0]},{"code":231,"indent":7,"parameters":[14,"p4",0,0,0,0,100,100,255,0]},{"code":0,"indent":7,"parameters":[]},{"code":412,"indent":6,"parameters":[]},{"code":0,"indent":6,"parameters":[]},{"code":412,"indent":5,"parameters":[]},{"code":111,"indent":5,"parameters":[12,"$gameMap.mapId() == 17"]},{"code":231,"indent":6,"parameters":[15,"spoke2_default",0,0,0,0,100,100,255,0]},{"code":111,"indent":6,"parameters":[1,11,0,1,0]},{"code":231,"indent":7,"parameters":[16,"p1",0,0,0,0,100,100,255,0]},{"code":0,"indent":7,"parameters":[]},{"code":412,"indent":6,"parameters":[]},{"code":111,"indent":6,"parameters":[1,11,0,2,0]},{"code":231,"indent":7,"parameters":[17,"p2",0,0,0,0,100,100,255,0]},{"code":0,"indent":7,"parameters":[]},{"code":412,"indent":6,"parameters":[]},{"code":111,"indent":6,"parameters":[1,11,0,3,0]},{"code":231,"indent":7,"parameters":[18,"p3",0,0,0,0,100,100,255,0]},{"code":0,"indent":7,"parameters":[]},{"code":412,"indent":6,"parameters":[]},{"code":111,"indent":6,"parameters":[1,11,0,4,0]},{"code":231,"indent":7,"parameters":[19,"p4",0,0,0,0,100,100,255,0]},{"code":0,"indent":7,"parameters":[]},{"code":412,"indent":6,"parameters":[]},{"code":0,"indent":6,"parameters":[]},{"code":412,"indent":5,"parameters":[]},{"code":111,"indent":5,"parameters":[12,"$gameMap.mapId() == 11"]},{"code":231,"indent":6,"parameters":[20,"spoke3_default",0,0,0,0,100,100,255,0]},{"code":0,"indent":6,"parameters":[]},{"code":412,"indent":5,"parameters":[]},{"code":111,"indent":5,"parameters":[11,"cancel"]},{"code":250,"indent":6,"parameters":[{"name":"Equip2","volume":90,"pitch":100,"pan":0}]},{"code":235,"indent":6,"parameters":[50]},{"code":235,"indent":6,"parameters":[51]},{"code":235,"indent":6,"parameters":[52]},{"code":235,"indent":6,"parameters":[53]},{"code":235,"indent":6,"parameters":[10]},{"code":235,"indent":6,"parameters":[11]},{"code":235,"indent":6,"parameters":[12]},{"code":235,"indent":6,"parameters":[13]},{"code":235,"indent":6,"parameters":[14]},{"code":235,"indent":6,"parameters":[15]},{"code":235,"indent":6,"parameters":[16]},{"code":235,"indent":6,"parameters":[17]},{"code":235,"indent":6,"parameters":[18]},{"code":235,"indent":6,"parameters":[19]},{"code":235,"indent":6,"parameters":[20]},{"code":235,"indent":6,"parameters":[21]},{"code":235,"indent":6,"parameters":[22]},{"code":235,"indent":6,"parameters":[23]},{"code":235,"indent":6,"parameters":[24]},{"code":230,"indent":6,"parameters":[10]},{"code":113,"indent":6,"parameters":[]},{"code":0,"indent":6,"parameters":[]},{"code":412,"indent":5,"parameters":[]},{"code":0,"indent":5,"parameters":[]},{"code":413,"indent":4,"parameters":[]},{"code":0,"indent":4,"parameters":[]},{"code":412,"indent":3,"parameters":[]},{"code":111,"indent":3,"parameters":[1,20,0,5,0]},{"code":122,"indent":4,"parameters":[19,19,0,0,1]},{"code":250,"indent":4,"parameters":[{"name":"Complete","volume":90,"pitch":100,"pan":0}]},{"code":355,"indent":4,"parameters":["SceneManager.push(Scene_GameEnd);"]},{"code":111,"indent":4,"parameters":[11,"ok"]},{"code":122,"indent":5,"parameters":[19,19,0,0,0]},{"code":230,"indent":5,"parameters":[10]},{"code":0,"indent":5,"parameters":[]},{"code":412,"indent":4,"parameters":[]},{"code":111,"indent":4,"parameters":[11,"cancel"]},{"code":122,"indent":5,"parameters":[19,19,0,0,0]},{"code":230,"indent":5,"parameters":[10]},{"code":0,"indent":5,"parameters":[]},{"code":412,"indent":4,"parameters":[]},{"code":0,"indent":4,"parameters":[]},{"code":412,"indent":3,"parameters":[]},{"code":111,"indent":3,"parameters":[1,20,0,4,0]},{"code":250,"indent":4,"parameters":[{"name":"Complete","volume":90,"pitch":100,"pan":0}]},{"code":112,"indent":4,"parameters":[]},{"code":355,"indent":5,"parameters":["SceneManager.push(Scene_Options);"]},{"code":111,"indent":5,"parameters":[11,"cancel"]},{"code":230,"indent":6,"parameters":[10]},{"code":113,"indent":6,"parameters":[]},{"code":0,"indent":6,"parameters":[]},{"code":412,"indent":5,"parameters":[]},{"code":0,"indent":5,"parameters":[]},{"code":413,"indent":4,"parameters":[]},{"code":0,"indent":4,"parameters":[]},{"code":412,"indent":3,"parameters":[]},{"code":0,"indent":3,"parameters":[]},{"code":412,"indent":2,"parameters":[]},{"code":111,"indent":2,"parameters":[11,"cancel"]},{"code":111,"indent":3,"parameters":[1,19,0,0,0]},{"code":250,"indent":4,"parameters":[{"name":"Equip2","volume":90,"pitch":100,"pan":0}]},{"code":235,"indent":4,"parameters":[1]},{"code":235,"indent":4,"parameters":[2]},{"code":235,"indent":4,"parameters":[3]},{"code":235,"indent":4,"parameters":[4]},{"code":235,"indent":4,"parameters":[5]},{"code":235,"indent":4,"parameters":[6]},{"code":121,"indent":4,"parameters":[96,96,1]},{"code":113,"indent":4,"parameters":[]},{"code":0,"indent":4,"parameters":[]},{"code":412,"indent":3,"parameters":[]},{"code":0,"indent":3,"parameters":[]},{"code":412,"indent":2,"parameters":[]},{"code":230,"indent":2,"parameters":[1]},{"code":0,"indent":2,"parameters":[]},{"code":413,"indent":1,"parameters":[]},{"code":230,"indent":1,"parameters":[10]},{"code":0,"indent":1,"parameters":[]},{"code":412,"indent":0,"parameters":[]},{"code":0,"indent":0,"parameters":[]}],"name":"Custom_Menu","switchId":100,"trigger":2},
{"id":2,"list":[{"code":111,"indent":0,"parameters":[1,3,0,60,0]},{"code":231,"indent":1,"parameters":[40,"60",0,0,0,0,100,100,255,0]},{"code":0,"indent":1,"parameters":[]},{"code":412,"indent":0,"parameters":[]},{"code":111,"indent":0,"parameters":[1,3,0,59,0]},{"code":231,"indent":1,"parameters":[41,"59",0,0,0,0,100,100,255,0]},{"code":0,"indent":1,"parameters":[]},{"code":412,"indent":0,"parameters":[]},{"code":111,"indent":0,"parameters":[1,3,0,58,0]},{"code":231,"indent":1,"parameters":[42,"58",0,0,0,0,100,100,255,0]},{"code":0,"indent":1,"parameters":[]},{"code":412,"indent":0,"parameters":[]},{"code":111,"indent":0,"parameters":[1,3,0,57,0]},{"code":231,"indent":1,"parameters":[43,"57",0,0,0,0,100,100,255,0]},{"code":0,"indent":1,"parameters":[]},{"code":412,"indent":0,"parameters":[]},{"code":111,"indent":0,"parameters":[1,3,0,56,0]},{"code":231,"indent":1,"parameters":[44,"56",0,0,0,0,100,100,255,0]},{"code":0,"indent":1,"parameters":[]},{"code":412,"indent":0,"parameters":[]},{"code":111,"indent":0,"parameters":[1,3,0,55,0]},{"code":231,"indent":1,"parameters":[45,"55",0,0,0,0,100,100,255,0]},{"code":0,"indent":1,"parameters":[]},{"code":412,"indent":0,"parameters":[]},{"code":111,"indent":0,"parameters":[1,3,0,54,0]},{"code":231,"indent":1,"parameters":[46,"54",0,0,0,0,100,100,255,0]},{"code":0,"indent":1,"parameters":[]},{"code":412,"indent":0,"parameters":[]},{"code":111,"indent":0,"parameters":[1,3,0,53,0]},{"code":231,"indent":1,"parameters":[47,"53",0,0,0,0,100,100,255,0]},{"code":0,"indent":1,"parameters":[]},{"code":412,"indent":0,"parameters":[]},{"code":111,"indent":0,"parameters":[1,3,0,52,0]},{"code":231,"indent":1,"parameters":[48,"52",0,0,0,0,100,100,255,0]},{"code":0,"indent":1,"parameters":[]},{"code":412,"indent":0,"parameters":[]},{"code":111,"indent":0,"parameters":[1,3,0,51,0]},{"code":231,"indent":1,"parameters":[49,"51",0,0,0,0,100,100,255,0]},{"code":0,"indent":1,"parameters":[]},{"code":412,"indent":0,"parameters":[]},{"code":111,"indent":0,"parameters":[1,3,0,50,0]},{"code":231,"indent":1,"parameters":[50,"50",0,0,0,0,100,100,255,0]},{"code":0,"indent":1,"parameters":[]},{"code":412,"indent":0,"parameters":[]},{"code":111,"indent":0,"parameters":[1,3,0,49,0]},{"code":231,"indent":1,"parameters":[51,"49",0,0,0,0,100,100,255,0]},{"code":0,"indent":1,"parameters":[]},{"code":412,"indent":0,"parameters":[]},{"code":111,"indent":0,"parameters":[1,3,0,48,0]},{"code":231,"indent":1,"parameters":[52,"48",0,0,0,0,100,100,255,0]},{"code":0,"indent":1,"parameters":[]},{"code":412,"indent":0,"parameters":[]},{"code":111,"indent":0,"parameters":[1,3,0,47,0]},{"code":231,"indent":1,"parameters":[53,"47",0,0,0,0,100,100,255,0]},{"code":0,"indent":1,"parameters":[]},{"code":412,"indent":0,"parameters":[]},{"code":111,"indent":0,"parameters":[1,3,0,46,0]},{"code":231,"indent":1,"parameters":[54,"46",0,0,0,0,100,100,255,0]},{"code":0,"indent":1,"parameters":[]},{"code":412,"indent":0,"parameters":[]},{"code":111,"indent":0,"parameters":[1,3,0,45,0]},{"code":231,"indent":1,"parameters":[55,"45",0,0,0,0,100,100,255,0]},{"code":0,"indent":1,"parameters":[]},{"code":412,"indent":0,"parameters":[]},{"code":111,"indent":0,"parameters":[1,3,0,44,0]},{"code":231,"indent":1,"parameters":[56,"44",0,0,0,0,100,100,255,0]},{"code":0,"indent":1,"parameters":[]},{"code":412,"indent":0,"parameters":[]},{"code":111,"indent":0,"parameters":[1,3,0,43,0]},{"code":231,"indent":1,"parameters":[57,"43",0,0,0,0,100,100,255,0]},{"code":0,"indent":1,"parameters":[]},{"code":412,"indent":0,"parameters":[]},{"code":111,"indent":0,"parameters":[1,3,0,42,0]},{"code":231,"indent":1,"parameters":[58,"42",0,0,0,0,100,100,255,0]},{"code":0,"indent":1,"parameters":[]},{"code":412,"indent":0,"parameters":[]},{"code":111,"indent":0,"parameters":[1,3,0,41,0]},{"code":231,"indent":1,"parameters":[59,"41",0,0,0,0,100,100,255,0]},{"code":0,"indent":1,"parameters":[]},{"code":412,"indent":0,"parameters":[]},{"code":111,"indent":0,"parameters":[1,3,0,40,0]},{"code":231,"indent":1,"parameters":[60,"40",0,0,0,0,100,100,255,0]},{"code":0,"indent":1,"parameters":[]},{"code":412,"indent":0,"parameters":[]},{"code":111,"indent":0,"parameters":[1,3,0,39,0]},{"code":231,"indent":1,"parameters":[61,"39",0,0,0,0,100,100,255,0]},{"code":0,"indent":1,"parameters":[]},{"code":412,"indent":0,"parameters":[]},{"code":111,"indent":0,"parameters":[1,3,0,38,0]},{"code":231,"indent":1,"parameters":[62,"38",0,0,0,0,100,100,255,0]},{"code":0,"indent":1,"parameters":[]},{"code":412,"indent":0,"parameters":[]},{"code":111,"indent":0,"parameters":[1,3,0,37,0]},{"code":231,"indent":1,"parameters":[63,"37",0,0,0,0,100,100,255,0]},{"code":0,"indent":1,"parameters":[]},{"code":412,"indent":0,"parameters":[]},{"code":111,"indent":0,"parameters":[1,3,0,36,0]},{"code":231,"indent":1,"parameters":[64,"36",0,0,0,0,100,100,255,0]},{"code":0,"indent":1,"parameters":[]},{"code":412,"indent":0,"parameters":[]},{"code":111,"indent":0,"parameters":[1,3,0,35,0]},{"code":231,"indent":1,"parameters":[65,"35",0,0,0,0,100,100,255,0]},{"code":0,"indent":1,"parameters":[]},{"code":412,"indent":0,"parameters":[]},{"code":111,"indent":0,"parameters":[1,3,0,34,0]},{"code":231,"indent":1,"parameters":[66,"34",0,0,0,0,100,100,255,0]},{"code":0,"indent":1,"parameters":[]},{"code":412,"indent":0,"parameters":[]},{"code":111,"indent":0,"parameters":[1,3,0,33,0]},{"code":231,"indent":1,"parameters":[67,"33",0,0,0,0,100,100,255,0]},{"code":0,"indent":1,"parameters":[]},{"code":412,"indent":0,"parameters":[]},{"code":111,"indent":0,"parameters":[1,3,0,32,0]},{"code":231,"indent":1,"parameters":[68,"32",0,0,0,0,100,100,255,0]},{"code":0,"indent":1,"parameters":[]},{"code":412,"indent":0,"parameters":[]},{"code":111,"indent":0,"parameters":[1,3,0,31,0]},{"code":231,"indent":1,"parameters":[69,"31",0,0,0,0,100,100,255,0]},{"code":0,"indent":1,"parameters":[]},{"code":412,"indent":0,"parameters":[]},{"code":111,"indent":0,"parameters":[1,3,0,30,0]},{"code":231,"indent":1,"parameters":[70,"30",0,0,0,0,100,100,255,0]},{"code":0,"indent":1,"parameters":[]},{"code":412,"indent":0,"parameters":[]},{"code":111,"indent":0,"parameters":[1,3,0,29,0]},{"code":231,"indent":1,"parameters":[71,"29",0,0,0,0,100,100,255,0]},{"code":0,"indent":1,"parameters":[]},{"code":412,"indent":0,"parameters":[]},{"code":111,"indent":0,"parameters":[1,3,0,28,0]},{"code":231,"indent":1,"parameters":[72,"28",0,0,0,0,100,100,255,0]},{"code":0,"indent":1,"parameters":[]},{"code":412,"indent":0,"parameters":[]},{"code":111,"indent":0,"parameters":[1,3,0,27,0]},{"code":231,"indent":1,"parameters":[73,"27",0,0,0,0,100,100,255,0]},{"code":0,"indent":1,"parameters":[]},{"code":412,"indent":0,"parameters":[]},{"code":111,"indent":0,"parameters":[1,3,0,26,0]},{"code":231,"indent":1,"parameters":[74,"26",0,0,0,0,100,100,255,0]},{"code":0,"indent":1,"parameters":[]},{"code":412,"indent":0,"parameters":[]},{"code":111,"indent":0,"parameters":[1,3,0,25,0]},{"code":231,"indent":1,"parameters":[75,"25",0,0,0,0,100,100,255,0]},{"code":0,"indent":1,"parameters":[]},{"code":412,"indent":0,"parameters":[]},{"code":111,"indent":0,"parameters":[1,3,0,24,0]},{"code":231,"indent":1,"parameters":[76,"24",0,0,0,0,100,100,255,0]},{"code":0,"indent":1,"parameters":[]},{"code":412,"indent":0,"parameters":[]},{"code":111,"indent":0,"parameters":[1,3,0,23,0]},{"code":231,"indent":1,"parameters":[77,"23",0,0,0,0,100,100,255,0]},{"code":0,"indent":1,"parameters":[]},{"code":412,"indent":0,"parameters":[]},{"code":111,"indent":0,"parameters":[1,3,0,22,0]},{"code":231,"indent":1,"parameters":[78,"22",0,0,0,0,100,100,255,0]},{"code":0,"indent":1,"parameters":[]},{"code":412,"indent":0,"parameters":[]},{"code":111,"indent":0,"parameters":[1,3,0,21,0]},{"code":231,"indent":1,"parameters":[79,"21",0,0,0,0,100,100,255,0]},{"code":0,"indent":1,"parameters":[]},{"code":412,"indent":0,"parameters":[]},{"code":111,"indent":0,"parameters":[1,3,0,20,0]},{"code":231,"indent":1,"parameters":[80,"20",0,0,0,0,100,100,255,0]},{"code":0,"indent":1,"parameters":[]},{"code":412,"indent":0,"parameters":[]},{"code":111,"indent":0,"parameters":[1,3,0,19,0]},{"code":231,"indent":1,"parameters":[81,"19",0,0,0,0,100,100,255,0]},{"code":0,"indent":1,"parameters":[]},{"code":412,"indent":0,"parameters":[]},{"code":111,"indent":0,"parameters":[1,3,0,18,0]},{"code":231,"indent":1,"parameters":[82,"18",0,0,0,0,100,100,255,0]},{"code":0,"indent":1,"parameters":[]},{"code":412,"indent":0,"parameters":[]},{"code":111,"indent":0,"parameters":[1,3,0,17,0]},{"code":231,"indent":1,"parameters":[83,"17",0,0,0,0,100,100,255,0]},{"code":0,"indent":1,"parameters":[]},{"code":412,"indent":0,"parameters":[]},{"code":111,"indent":0,"parameters":[1,3,0,16,0]},{"code":231,"indent":1,"parameters":[84,"16",0,0,0,0,100,100,255,0]},{"code":0,"indent":1,"parameters":[]},{"code":412,"indent":0,"parameters":[]},{"code":111,"indent":0,"parameters":[1,3,0,15,0]},{"code":231,"indent":1,"parameters":[85,"15",0,0,0,0,100,100,255,0]},{"code":0,"indent":1,"parameters":[]},{"code":412,"indent":0,"parameters":[]},{"code":111,"indent":0,"parameters":[1,3,0,14,0]},{"code":231,"indent":1,"parameters":[86,"14",0,0,0,0,100,100,255,0]},{"code":0,"indent":1,"parameters":[]},{"code":412,"indent":0,"parameters":[]},{"code":111,"indent":0,"parameters":[1,3,0,13,0]},{"code":231,"indent":1,"parameters":[87,"13",0,0,0,0,100,100,255,0]},{"code":0,"indent":1,"parameters":[]},{"code":412,"indent":0,"parameters":[]},{"code":111,"indent":0,"parameters":[1,3,0,12,0]},{"code":231,"indent":1,"parameters":[88,"12",0,0,0,0,100,100,255,0]},{"code":0,"indent":1,"parameters":[]},{"code":412,"indent":0,"parameters":[]},{"code":111,"indent":0,"parameters":[1,3,0,11,0]},{"code":231,"indent":1,"parameters":[89,"11",0,0,0,0,100,100,255,0]},{"code":0,"indent":1,"parameters":[]},{"code":412,"indent":0,"parameters":[]},{"code":111,"indent":0,"parameters":[1,3,0,10,0]},{"code":231,"indent":1,"parameters":[90,"10",0,0,0,0,100,100,255,0]},{"code":0,"indent":1,"parameters":[]},{"code":412,"indent":0,"parameters":[]},{"code":111,"indent":0,"parameters":[1,3,0,9,0]},{"code":231,"indent":1,"parameters":[91,"9",0,0,0,0,100,100,255,0]},{"code":0,"indent":1,"parameters":[]},{"code":412,"indent":0,"parameters":[]},{"code":111,"indent":0,"parameters":[1,3,0,8,0]},{"code":231,"indent":1,"parameters":[92,"8",0,0,0,0,100,100,255,0]},{"code":0,"indent":1,"parameters":[]},{"code":412,"indent":0,"parameters":[]},{"code":111,"indent":0,"parameters":[1,3,0,7,0]},{"code":231,"indent":1,"parameters":[93,"7",0,0,0,0,100,100,255,0]},{"code":0,"indent":1,"parameters":[]},{"code":412,"indent":0,"parameters":[]},{"code":111,"indent":0,"parameters":[1,3,0,6,0]},{"code":231,"indent":1,"parameters":[94,"6",0,0,0,0,100,100,255,0]},{"code":0,"indent":1,"parameters":[]},{"code":412,"indent":0,"parameters":[]},{"code":111,"indent":0,"parameters":[1,3,0,5,0]},{"code":231,"indent":1,"parameters":[95,"5",0,0,0,0,100,100,255,0]},{"code":0,"indent":1,"parameters":[]},{"code":412,"indent":0,"parameters":[]},{"code":111,"indent":0,"parameters":[1,3,0,4,0]},{"code":231,"indent":1,"parameters":[96,"4",0,0,0,0,100,100,255,0]},{"code":0,"indent":1,"parameters":[]},{"code":412,"indent":0,"parameters":[]},{"code":111,"indent":0,"parameters":[1,3,0,3,0]},{"code":231,"indent":1,"parameters":[97,"3",0,0,0,0,100,100,255,0]},{"code":0,"indent":1,"parameters":[]},{"code":412,"indent":0,"parameters":[]},{"code":111,"indent":0,"parameters":[1,3,0,2,0]},{"code":231,"indent":1,"parameters":[98,"2",0,0,0,0,100,100,255,0]},{"code":0,"indent":1,"parameters":[]},{"code":412,"indent":0,"parameters":[]},{"code":111,"indent":0,"parameters":[1,3,0,1,0]},{"code":231,"indent":1,"parameters":[99,"1",0,0,0,0,100,100,255,0]},{"code":0,"indent":1,"parameters":[]},{"code":412,"indent":0,"parameters":[]},{"code":111,"indent":0,"parameters":[1,3,0,0,0]},{"code":231,"indent":1,"parameters":[100,"0",0,0,0,0,100,100,255,0]},{"code":0,"indent":1,"parameters":[]},{"code":412,"indent":0,"parameters":[]},{"code":0,"indent":0,"parameters":[]}],"name":"RotationCounter","switchId":5,"trigger":2},
{"id":3,"list":[{"code":0,"indent":0,"parameters":[]}],"name":"","switchId":1,"trigger":0},
{"id":4,"list":[{"code":0,"indent":0,"parameters":[]}],"name":"","switchId":1,"trigger":0},
{"id":5,"list":[{"code":355,"indent":0,"parameters":["$gameScreen.clearPictures();"]},{"code":111,"indent":0,"parameters":[12,"$gameVariables.value(6) < $gameVariables.value(7) * (1/20)"]},{"code":231,"indent":1,"parameters":[1,"en_horizontal1",0,0,0,0,100,100,255,0]},{"code":0,"indent":1,"parameters":[]},{"code":412,"indent":0,"parameters":[]},{"code":111,"indent":0,"parameters":[12,"$gameVariables.value(7) * (1/20) <= $gameVariables.value(6) && $gameVariables.value(6) < $gameVariables.value(7) * (2/20)"]},{"code":231,"indent":1,"parameters":[2,"en_horizontal2",0,0,0,0,100,100,255,0]},{"code":0,"indent":1,"parameters":[]},{"code":412,"indent":0,"parameters":[]},{"code":111,"indent":0,"parameters":[12,"$gameVariables.value(7) * (2/20) <= $gameVariables.value(6) && $gameVariables.value(6) < $gameVariables.value(7) * (3/20)"]},{"code":231,"indent":1,"parameters":[3,"en_horizontal3",0,0,0,0,100,100,255,0]},{"code":0,"indent":1,"parameters":[]},{"code":412,"indent":0,"parameters":[]},{"code":111,"indent":0,"parameters":[12,"$gameVariables.value(7) * (3/20) <= $gameVariables.value(6) && $gameVariables.value(6) < $gameVariables.value(7) * (4/20)"]},{"code":231,"indent":1,"parameters":[4,"en_horizontal4",0,0,0,0,100,100,255,0]},{"code":0,"indent":1,"parameters":[]},{"code":412,"indent":0,"parameters":[]},{"code":111,"indent":0,"parameters":[12,"$gameVariables.value(7) * (4/20) <= $gameVariables.value(6) && $gameVariables.value(6) < $gameVariables.value(7) * (5/20)"]},{"code":231,"indent":1,"parameters":[5,"en_horizontal5",0,0,0,0,100,100,255,0]},{"code":0,"indent":1,"parameters":[]},{"code":412,"indent":0,"parameters":[]},{"code":111,"indent":0,"parameters":[12,"$gameVariables.value(7) * (5/20) <= $gameVariables.value(6) && $gameVariables.value(6) < $gameVariables.value(7) * (6/20)"]},{"code":231,"indent":1,"parameters":[6,"en_horizontal6",0,0,0,0,100,100,255,0]},{"code":0,"indent":1,"parameters":[]},{"code":412,"indent":0,"parameters":[]},{"code":111,"indent":0,"parameters":[12,"$gameVariables.value(7) * (6/20) <= $gameVariables.value(6) && $gameVariables.value(6) < $gameVariables.value(7) * (7/20)"]},{"code":231,"indent":1,"parameters":[7,"en_horizontal7",0,0,0,0,100,100,255,0]},{"code":0,"indent":1,"parameters":[]},{"code":412,"indent":0,"parameters":[]},{"code":111,"indent":0,"parameters":[12,"$gameVariables.value(7) * (7/20) <= $gameVariables.value(6) && $gameVariables.value(6) < $gameVariables.value(7) * (8/20)"]},{"code":231,"indent":1,"parameters":[8,"en_horizontal8",0,0,0,0,100,100,255,0]},{"code":0,"indent":1,"parameters":[]},{"code":412,"indent":0,"parameters":[]},{"code":111,"indent":0,"parameters":[12,"$gameVariables.value(7) * (8/20) <= $gameVariables.value(6) && $gameVariables.value(6) < $gameVariables.value(7) * (9/20)"]},{"code":231,"indent":1,"parameters":[9,"en_horizontal9",0,0,0,0,100,100,255,0]},{"code":0,"indent":1,"parameters":[]},{"code":412,"indent":0,"parameters":[]},{"code":111,"indent":0,"parameters":[12,"$gameVariables.value(7) * (9/20) <= $gameVariables.value(6) && $gameVariables.value(6) < $gameVariables.value(7) * (10/20)"]},{"code":231,"indent":1,"parameters":[10,"en_horizontal10",0,0,0,0,100,100,255,0]},{"code":0,"indent":1,"parameters":[]},{"code":412,"indent":0,"parameters":[]},{"code":111,"indent":0,"parameters":[12,"$gameVariables.value(7) * (10/20) <= $gameVariables.value(6) && $gameVariables.value(6) < $gameVariables.value(7) * (11/20)"]},{"code":231,"indent":1,"parameters":[11,"en_horizontal11",0,0,0,0,100,100,255,0]},{"code":0,"indent":1,"parameters":[]},{"code":412,"indent":0,"parameters":[]},{"code":111,"indent":0,"parameters":[12,"$gameVariables.value(7) * (11/20) <= $gameVariables.value(6) && $gameVariables.value(6) < $gameVariables.value(7) * (12/20)"]},{"code":231,"indent":1,"parameters":[12,"en_horizontal12",0,0,0,0,100,100,255,0]},{"code":0,"indent":1,"parameters":[]},{"code":412,"indent":0,"parameters":[]},{"code":111,"indent":0,"parameters":[12,"$gameVariables.value(7) * (12/20) <= $gameVariables.value(6) && $gameVariables.value(6) < $gameVariables.value(7) * (13/20)"]},{"code":231,"indent":1,"parameters":[13,"en_horizontal13",0,0,0,0,100,100,255,0]},{"code":0,"indent":1,"parameters":[]},{"code":412,"indent":0,"parameters":[]},{"code":111,"indent":0,"parameters":[12,"$gameVariables.value(7) * (13/20) <= $gameVariables.value(6) && $gameVariables.value(6) < $gameVariables.value(7) * (14/20)"]},{"code":231,"indent":1,"parameters":[14,"en_horizontal14",0,0,0,0,100,100,255,0]},{"code":0,"indent":1,"parameters":[]},{"code":412,"indent":0,"parameters":[]},{"code":111,"indent":0,"parameters":[12,"$gameVariables.value(7) * (14/20) <= $gameVariables.value(6) && $gameVariables.value(6) < $gameVariables.value(7) * (15/20)"]},{"code":231,"indent":1,"parameters":[15,"en_horizontal15",0,0,0,0,100,100,255,0]},{"code":0,"indent":1,"parameters":[]},{"code":412,"indent":0,"parameters":[]},{"code":111,"indent":0,"parameters":[12,"$gameVariables.value(7) * (15/20) <= $gameVariables.value(6) && $gameVariables.value(6) < $gameVariables.value(7) * (16/20)"]},{"code":231,"indent":1,"parameters":[16,"en_horizontal16",0,0,0,0,100,100,255,0]},{"code":0,"indent":1,"parameters":[]},{"code":412,"indent":0,"parameters":[]},{"code":111,"indent":0,"parameters":[12,"$gameVariables.value(7) * (16/20) <= $gameVariables.value(6) && $gameVariables.value(6) < $gameVariables.value(7) * (17/20)"]},{"code":231,"indent":1,"parameters":[17,"en_horizontal17",0,0,0,0,100,100,255,0]},{"code":0,"indent":1,"parameters":[]},{"code":412,"indent":0,"parameters":[]},{"code":111,"indent":0,"parameters":[12,"$gameVariables.value(7) * (17/20) <= $gameVariables.value(6) && $gameVariables.value(6) < $gameVariables.value(7) * (18/20)"]},{"code":231,"indent":1,"parameters":[18,"en_horizontal18",0,0,0,0,100,100,255,0]},{"code":0,"indent":1,"parameters":[]},{"code":412,"indent":0,"parameters":[]},{"code":111,"indent":0,"parameters":[12,"$gameVariables.value(7) * (18/20) <= $gameVariables.value(6) && $gameVariables.value(6) < $gameVariables.value(7) * (19/20)"]},{"code":231,"indent":1,"parameters":[19,"en_horizontal19",0,0,0,0,100,100,255,0]},{"code":0,"indent":1,"parameters":[]},{"code":412,"indent":0,"parameters":[]},{"code":111,"indent":0,"parameters":[12,"$gameVariables.value(7) * (19/20) <= $gameVariables.value(6) && $gameVariables.value(6) < $gameVariables.value(7) * (20/20)"]},{"code":231,"indent":1,"parameters":[20,"en_horizontal20",0,0,0,0,100,100,255,0]},{"code":0,"indent":1,"parameters":[]},{"code":412,"indent":0,"parameters":[]},{"code":111,"indent":0,"parameters":[12,"$gameVariables.value(6) >= $gameVariables.value(7)"]},{"code":231,"indent":1,"parameters":[21,"en_horizontal21",0,0,0,0,100,100,255,0]},{"code":0,"indent":1,"parameters":[]},{"code":412,"indent":0,"parameters":[]},{"code":0,"indent":0,"parameters":[]}],"name":"EnergyCounter","switchId":2,"trigger":2},
{"id":6,"list":[{"code":355,"indent":0,"parameters":["$gameScreen.clearPictures();"]},{"code":111,"indent":0,"parameters":[12,"$gameVariables.value(6) < $gameVariables.value(7) * (1/20)"]},{"code":231,"indent":1,"parameters":[1,"en_vertical1",0,0,0,0,100,100,255,0]},{"code":0,"indent":1,"parameters":[]},{"code":412,"indent":0,"parameters":[]},{"code":111,"indent":0,"parameters":[12,"$gameVariables.value(7) * (1/20) <= $gameVariables.value(6) && $gameVariables.value(6) < $gameVariables.value(7) * (2/20)"]},{"code":231,"indent":1,"parameters":[2,"en_vertical2",0,0,0,0,100,100,255,0]},{"code":0,"indent":1,"parameters":[]},{"code":412,"indent":0,"parameters":[]},{"code":111,"indent":0,"parameters":[12,"$gameVariables.value(7) * (2/20) <= $gameVariables.value(6) && $gameVariables.value(6) < $gameVariables.value(7) * (3/20)"]},{"code":231,"indent":1,"parameters":[3,"en_vertical3",0,0,0,0,100,100,255,0]},{"code":0,"indent":1,"parameters":[]},{"code":412,"indent":0,"parameters":[]},{"code":111,"indent":0,"parameters":[12,"$gameVariables.value(7) * (3/20) <= $gameVariables.value(6) && $gameVariables.value(6) < $gameVariables.value(7) * (4/20)"]},{"code":231,"indent":1,"parameters":[4,"en_vertical4",0,0,0,0,100,100,255,0]},{"code":0,"indent":1,"parameters":[]},{"code":412,"indent":0,"parameters":[]},{"code":111,"indent":0,"parameters":[12,"$gameVariables.value(7) * (4/20) <= $gameVariables.value(6) && $gameVariables.value(6) < $gameVariables.value(7) * (5/20)"]},{"code":231,"indent":1,"parameters":[5,"en_vertical5",0,0,0,0,100,100,255,0]},{"code":0,"indent":1,"parameters":[]},{"code":412,"indent":0,"parameters":[]},{"code":111,"indent":0,"parameters":[12,"$gameVariables.value(7) * (5/20) <= $gameVariables.value(6) && $gameVariables.value(6) < $gameVariables.value(7) * (6/20)"]},{"code":231,"indent":1,"parameters":[6,"en_vertical6",0,0,0,0,100,100,255,0]},{"code":0,"indent":1,"parameters":[]},{"code":412,"indent":0,"parameters":[]},{"code":111,"indent":0,"parameters":[12,"$gameVariables.value(7) * (6/20) <= $gameVariables.value(6) && $gameVariables.value(6) < $gameVariables.value(7) * (7/20)"]},{"code":231,"indent":1,"parameters":[7,"en_vertical7",0,0,0,0,100,100,255,0]},{"code":0,"indent":1,"parameters":[]},{"code":412,"indent":0,"parameters":[]},{"code":111,"indent":0,"parameters":[12,"$gameVariables.value(7) * (7/20) <= $gameVariables.value(6) && $gameVariables.value(6) < $gameVariables.value(7) * (8/20)"]},{"code":231,"indent":1,"parameters":[8,"en_vertical8",0,0,0,0,100,100,255,0]},{"code":0,"indent":1,"parameters":[]},{"code":412,"indent":0,"parameters":[]},{"code":111,"indent":0,"parameters":[12,"$gameVariables.value(7) * (8/20) <= $gameVariables.value(6) && $gameVariables.value(6) < $gameVariables.value(7) * (9/20)"]},{"code":231,"indent":1,"parameters":[9,"en_vertical9",0,0,0,0,100,100,255,0]},{"code":0,"indent":1,"parameters":[]},{"code":412,"indent":0,"parameters":[]},{"code":111,"indent":0,"parameters":[12,"$gameVariables.value(7) * (9/20) <= $gameVariables.value(6) && $gameVariables.value(6) < $gameVariables.value(7) * (10/20)"]},{"code":231,"indent":1,"parameters":[10,"en_vertical10",0,0,0,0,100,100,255,0]},{"code":0,"indent":1,"parameters":[]},{"code":412,"indent":0,"parameters":[]},{"code":111,"indent":0,"parameters":[12,"$gameVariables.value(7) * (10/20) <= $gameVariables.value(6) && $gameVariables.value(6) < $gameVariables.value(7) * (11/20)"]},{"code":231,"indent":1,"parameters":[11,"en_vertical11",0,0,0,0,100,100,255,0]},{"code":0,"indent":1,"parameters":[]},{"code":412,"indent":0,"parameters":[]},{"code":111,"indent":0,"parameters":[12,"$gameVariables.value(7) * (11/20) <= $gameVariables.value(6) && $gameVariables.value(6) < $gameVariables.value(7) * (12/20)"]},{"code":231,"indent":1,"parameters":[12,"en_vertical12",0,0,0,0,100,100,255,0]},{"code":0,"indent":1,"parameters":[]},{"code":412,"indent":0,"parameters":[]},{"code":111,"indent":0,"parameters":[12,"$gameVariables.value(7) * (12/20) <= $gameVariables.value(6) && $gameVariables.value(6) < $gameVariables.value(7) * (13/20)"]},{"code":231,"indent":1,"parameters":[13,"en_vertical13",0,0,0,0,100,100,255,0]},{"code":0,"indent":1,"parameters":[]},{"code":412,"indent":0,"parameters":[]},{"code":111,"indent":0,"parameters":[12,"$gameVariables.value(7) * (13/20) <= $gameVariables.value(6) && $gameVariables.value(6) < $gameVariables.value(7) * (14/20)"]},{"code":231,"indent":1,"parameters":[14,"en_vertical14",0,0,0,0,100,100,255,0]},{"code":0,"indent":1,"parameters":[]},{"code":412,"indent":0,"parameters":[]},{"code":111,"indent":0,"parameters":[12,"$gameVariables.value(7) * (14/20) <= $gameVariables.value(6) && $gameVariables.value(6) < $gameVariables.value(7) * (15/20)"]},{"code":231,"indent":1,"parameters":[15,"en_vertical15",0,0,0,0,100,100,255,0]},{"code":0,"indent":1,"parameters":[]},{"code":412,"indent":0,"parameters":[]},{"code":111,"indent":0,"parameters":[12,"$gameVariables.value(7) * (15/20) <= $gameVariables.value(6) && $gameVariables.value(6) < $gameVariables.value(7) * (16/20)"]},{"code":231,"indent":1,"parameters":[16,"en_vertical16",0,0,0,0,100,100,255,0]},{"code":0,"indent":1,"parameters":[]},{"code":412,"indent":0,"parameters":[]},{"code":111,"indent":0,"parameters":[12,"$gameVariables.value(7) * (16/20) <= $gameVariables.value(6) && $gameVariables.value(6) < $gameVariables.value(7) * (17/20)"]},{"code":231,"indent":1,"parameters":[17,"en_vertical17",0,0,0,0,100,100,255,0]},{"code":0,"indent":1,"parameters":[]},{"code":412,"indent":0,"parameters":[]},{"code":111,"indent":0,"parameters":[12,"$gameVariables.value(7) * (17/20) <= $gameVariables.value(6) && $gameVariables.value(6) < $gameVariables.value(7) * (18/20)"]},{"code":231,"indent":1,"parameters":[18,"en_vertical18",0,0,0,0,100,100,255,0]},{"code":0,"indent":1,"parameters":[]},{"code":412,"indent":0,"parameters":[]},{"code":111,"indent":0,"parameters":[12,"$gameVariables.value(7) * (18/20) <= $gameVariables.value(6) && $gameVariables.value(6) < $gameVariables.value(7) * (19/20)"]},{"code":231,"indent":1,"parameters":[19,"en_vertical19",0,0,0,0,100,100,255,0]},{"code":0,"indent":1,"parameters":[]},{"code":412,"indent":0,"parameters":[]},{"code":111,"indent":0,"parameters":[12,"$gameVariables.value(7) * (19/20) <= $gameVariables.value(6) && $gameVariables.value(6) < $gameVariables.value(7) * (20/20)"]},{"code":231,"indent":1,"parameters":[20,"en_vertical20",0,0,0,0,100,100,255,0]},{"code":0,"indent":1,"parameters":[]},{"code":412,"indent":0,"parameters":[]},{"code":111,"indent":0,"parameters":[12,"$gameVariables.value(6) >= $gameVariables.value(7)"]},{"code":231,"indent":1,"parameters":[21,"en_vertical21",0,0,0,0,100,100,255,0]},{"code":0,"indent":1,"parameters":[]},{"code":412,"indent":0,"parameters":[]},{"code":0,"indent":0,"parameters":[]}],"name":"EnergyCounter_vertical","switchId":40,"trigger":2},
{"id":7,"list":[{"code":230,"indent":0,"parameters":[180]},{"code":322,"indent":0,"parameters":[1,"!lightning",0,"Actor1",0,"Actor1_1"]},{"code":121,"indent":0,"parameters":[93,93,1]},{"code":0,"indent":0,"parameters":[]}],"name":"Double","switchId":93,"trigger":2}
]