{
"autoplayBgm":true,"autoplayBgs":false,"battleback1Name":"","battleback2Name":"","bgm":{"name":"tryyflutemelody1","pan":0,"pitch":100,"volume":90},"bgs":{"name":"","pan":0,"pitch":100,"volume":90},"disableDashing":false,"displayName":"","encounterList":[],"encounterStep":30,"height":13,"note":"","parallaxLoopX":false,"parallaxLoopY":false,"parallaxName":"openscreenfigures","parallaxShow":true,"parallaxSx":0,"parallaxSy":0,"scrollType":0,"specifyBattleback":false,"tilesetId":4,"width":17,
"data":[0,0,0,0,0,0,0,0,0,0,0,0,0,0,0,0,0,0,0,0,0,0,0,0,0,0,0,0,0,0,0,0,0,0,0,0,0,0,0,0,0,0,0,0,0,0,0,0,0,0,0,0,0,0,0,0,0,0,0,0,0,0,0,0,0,0,0,0,0,0,0,0,0,0,0,0,0,0,0,0,0,0,0,0,0,0,0,0,0,0,0,0,0,0,0,0,0,0,0,0,0,0,0,0,0,0,0,0,0,0,0,0,0,0,0,0,0,0,0,0,0,0,0,0,0,0,0,0,0,0,0,0,0,0,0,0,0,0,0,0,0,0,0,0,0,0,0,0,0,0,0,0,0,0,0,0,0,0,0,0,0,0,0,0,0,0,0,0,0,0,0,0,0,0,0,0,0,0,0,0,0,0,0,0,0,0,0,0,0,0,0,0,0,0,0,0,0,0,0,0,0,0,0,0,0,0,0,0,0,0,0,0,0,0,0,0,0,0,0,0,0,0,0,0,0,0,0,0,0,0,0,0,0,0,0,0,0,0,0,0,0,0,0,0,0,0,0,0,0,0,0,0,0,0,0,0,0,0,0,0,0,0,0,0,0,0,0,0,0,0,0,0,0,0,0,0,0,0,0,0,0,0,0,0,0,0,0,0,0,0,0,0,0,0,0,0,0,0,0,0,0,0,0,0,0,0,0,0,0,0,0,0,0,0,0,0,0,0,0,0,0,0,0,0,0,0,0,0,0,0,0,0,0,0,0,0,0,0,0,0,0,0,0,0,0,0,0,0,0,0,0,0,0,0,0,0,0,0,0,0,0,0,0,0,0,0,0,0,0,0,0,0,0,0,0,0,0,0,0,0,0,0,0,0,0,0,0,0,0,0,0,0,0,0,0,0,0,0,0,0,0,0,0,0,0,0,0,0,0,0,0,0,0,0,0,0,0,0,0,0,0,0,0,0,0,0,0,0,0,0,0,0,0,0,0,0,0,0,0,0,0,0,0,0,0,0,0,0,0,0,0,0,0,0,0,0,0,0,0,0,0,0,0,0,0,0,0,0,0,0,0,0,0,0,0,0,0,0,0,0,0,0,0,0,0,0,0,0,0,0,0,0,0,0,0,0,0,0,0,0,0,0,0,0,0,0,0,0,0,0,0,0,0,0,0,0,0,0,0,0,0,0,0,0,0,0,0,0,0,0,0,0,0,0,0,0,0,0,0,0,0,0,0,0,0,0,0,0,0,0,0,0,0,0,0,0,0,0,0,0,0,0,0,0,0,0,0,0,0,0,0,0,0,0,0,0,0,0,0,0,0,0,0,0,0,0,0,0,0,0,0,0,0,0,0,0,0,0,0,0,0,0,0,0,0,0,0,0,0,0,0,0,0,0,0,0,0,0,0,0,0,0,0,0,0,0,0,0,0,0,0,0,0,0,0,0,0,0,0,0,0,0,0,0,0,0,0,0,0,0,0,0,0,0,0,0,0,0,0,0,0,0,0,0,0,0,0,0,0,0,0,0,0,0,0,0,0,0,0,0,0,0,0,0,0,0,0,0,0,0,0,0,0,0,0,0,0,0,0,0,0,0,0,0,0,0,0,0,0,0,0,0,0,0,0,0,0,0,0,0,0,0,0,0,0,0,0,0,0,0,0,0,0,0,0,0,0,0,0,0,0,0,0,0,0,0,0,0,0,0,0,0,0,0,0,0,0,0,0,0,0,0,0,0,0,0,0,0,0,0,0,0,0,0,0,0,0,0,0,0,0,0,0,0,0,0,0,0,0,0,0,0,0,0,0,0,0,0,0,0,0,0,0,0,0,0,0,0,0,0,0,0,0,0,0,0,0,0,0,0,0,0,0,0,0,0,0,0,0,0,0,0,0,0,0,0,0,0,0,0,0,0,0,0,0,0,0,0,0,0,0,0,0,0,0,0,0,0,0,0,0,0,0,0,0,0,0,0,0,0,0,0,0,0,0,0,0,0,0,0,0,0,0,0,0,0,0,0,0,0,0,0,0,0,0,0,0,0,0,0,0,0,0,0,0,0,0,0,0,0,0,0,0,0,0,0,0,0,0,0,0,0,0,0,0,0,0,0,0,0,0,0,0,0,0,0,0,0,0,0,0,0,0,0,0,0,0,0,0,0,0,0,0,0,0,0,0,0,0,0,0,0,0,0,0,0,0,0,0,0,0,0,0,0,0,0,0,0,0,0,0,0,0,0,0,0,0,0,0,0,0,0,0,0,0,0,0,0,0,0,0,0,0,0,0,0,0,0,0,0,0,0,0,0,0,0,0,0,0,0,0,0,0,0,0,0,0,0,0,0,0,0,0,0,0,0,0,0,0,0,0,0,0,0,0,0,0,0,0,0,0,0,0,0,0,0,0,0,0,0,0,0,0,0,0,0,0,0,0,0,0,0,0,0,0,0,0,0,0,0,0,0,0,0,0,0,0,0,0,0,0,0,0,0,0,0,0,0,0,0,0,0,0,0,0,0,0,0,0,0,0,0,0,0,0,0,0,0,0,0,0,0,0,0,0,0,0,0,0,0,0,0,0,0,0,0,0,0,0,0,0,0,0,0,0,0,0,0,0,0,0,0,0,0,0,0,0,0,0,0,0,0,0,0,0,0,0,0,0,0,0,0,0,0,0,0,0,0,0,0,0,0,0,0,0,0,0,0,0,0,0,0,0,0,0,0,0,0,0,0,0,0,0,0,0,0,0,0,0,0,0,0,0,0,0,0,0,0,0,0,0,0,0,0,0,0,0,0,0,0,0,0,0,0,0,0,0,0,0,0,0,0,0,0,0,0,0,0,0,0,0,0,0,0,0,0,0,0,0,0,0,0,0,0,0,0,0,0,0,0,0,0,0,0,0,0,0,0,0,0,0,0,0,0,0,0,0,0,0,0,0,0,0,0,0,0,0,0,0,0,0,0,0,0,0,0,0,0,0,0,0,0,0,0,0,0,0,0,0,0,0,0,0,0,0,0],
"events":[
null,
{"id":1,"name":"EndingCutscene","note":"","pages":[{"conditions":{"actorId":1,"actorValid":false,"itemId":1,"itemValid":false,"selfSwitchCh":"A","selfSwitchValid":false,"switch1Id":1,"switch1Valid":false,"switch2Id":1,"switch2Valid":false,"variableId":1,"variableValid":false,"variableValue":0},"directionFix":false,"image":{"characterIndex":0,"characterName":"","direction":2,"pattern":0,"tileId":0},"list":[{"code":223,"indent":0,"parameters":[[0,0,0,0],60,true]},{"code":105,"indent":0,"parameters":[3,false]},{"code":405,"indent":0,"parameters":["                           -Credits-"]},{"code":405,"indent":0,"parameters":[""]},{"code":405,"indent":0,"parameters":["     Quokka Quest"]},{"code":405,"indent":0,"parameters":[""]},{"code":405,"indent":0,"parameters":["     Brandon Fiogbe (Executive Producer)"]},{"code":405,"indent":0,"parameters":[""]},{"code":405,"indent":0,"parameters":["     Denis Soh (Artist)"]},{"code":405,"indent":0,"parameters":[""]},{"code":405,"indent":0,"parameters":["     Fiona Rintoul (Lead Visual Artist)"]},{"code":405,"indent":0,"parameters":[""]},{"code":405,"indent":0,"parameters":["     Kaylee Patuelli-McLellan (Lead Audio Artist)"]},{"code":405,"indent":0,"parameters":[""]},{"code":405,"indent":0,"parameters":["     Manuel Macedo Teran (Lead Programmer)"]},{"code":405,"indent":0,"parameters":[""]},{"code":405,"indent":0,"parameters":["     Navdeep Singh (Producer/Programmer)"]},{"code":405,"indent":0,"parameters":[""]},{"code":405,"indent":0,"parameters":["     Nick Rutter (Lead Writer)"]},{"code":405,"indent":0,"parameters":[""]},{"code":405,"indent":0,"parameters":["     Youngwoo Choi (Programmer)"]},{"code":405,"indent":0,"parameters":[""]},{"code":405,"indent":0,"parameters":[""]},{"code":405,"indent":0,"parameters":["     Plugin used"]},{"code":405,"indent":0,"parameters":[""]},{"code":405,"indent":0,"parameters":["     Akumu Games - AG_CharacterNoisySteps"]},{"code":405,"indent":0,"parameters":[""]},{"code":405,"indent":0,"parameters":["     RM CoreScript team - Community_Basic"]},{"code":405,"indent":0,"parameters":[""]},{"code":405,"indent":0,"parameters":["     Dan \"Liquidize\" Deptula - MadeWithMv"]},{"code":405,"indent":0,"parameters":[""]},{"code":405,"indent":0,"parameters":["     Dmytryk - DMY_SkipVideo"]},{"code":405,"indent":0,"parameters":[""]},{"code":405,"indent":0,"parameters":["     GALV - GALV_MessageBusts"]},{"code":405,"indent":0,"parameters":[""]},{"code":405,"indent":0,"parameters":["            GALV_MessageBackground"]},{"code":405,"indent":0,"parameters":[""]},{"code":405,"indent":0,"parameters":["            GALV_MessageSoundEffect"]},{"code":405,"indent":0,"parameters":[""]},{"code":405,"indent":0,"parameters":["     KnoblePersona - Pine Tree Pack"]},{"code":405,"indent":0,"parameters":[""]},{"code":405,"indent":0,"parameters":["     OrRam - OcRam_Light"]},{"code":405,"indent":0,"parameters":[""]},{"code":405,"indent":0,"parameters":["     トリアコンタン - NearEventSensor"]},{"code":405,"indent":0,"parameters":[""]},{"code":405,"indent":0,"parameters":[""]},{"code":405,"indent":0,"parameters":["     Thank you to all family and friends"]},{"code":405,"indent":0,"parameters":[""]},{"code":405,"indent":0,"parameters":["     that helped play test our game!"]},{"code":405,"indent":0,"parameters":["     "]},{"code":405,"indent":0,"parameters":[""]},{"code":405,"indent":0,"parameters":[""]},{"code":405,"indent":0,"parameters":[""]},{"code":405,"indent":0,"parameters":[""]},{"code":405,"indent":0,"parameters":["                       Thanks for Playing!"]},{"code":354,"indent":0,"parameters":[]},{"code":0,"indent":0,"parameters":[]}],"moveFrequency":3,"moveRoute":{"list":[{"code":0,"parameters":[]}],"repeat":true,"skippable":false,"wait":false},"moveSpeed":3,"moveType":0,"priorityType":0,"stepAnime":false,"through":false,"trigger":3,"walkAnime":true}],"x":16,"y":12}
]
}