[
null,
{"id":1,"expanded":true,"name":"HUB","order":1,"parentId":0,"scrollX":558.6666666666666,"scrollY":432.3333333333333},
{"id":2,"expanded":true,"name":"SPOKE1(Roller Coaster)","order":4,"parentId":0,"scrollX":604.6666666666666,"scrollY":384.3333333333333},
{"id":3,"expanded":true,"name":"Rotation_FerrisWheel_2","order":16,"parentId":17,"scrollX":545.3333333333334,"scrollY":293},
{"id":4,"expanded":true,"name":"Wire_RC_1","order":5,"parentId":2,"scrollX":5164.363636363636,"scrollY":329.45454545454544},
{"id":5,"expanded":true,"name":"Wire_Ferris_Wheel_1","order":13,"parentId":17,"scrollX":540,"scrollY":4615},
{"id":6,"expanded":true,"name":"IntroMap(Add tutorial here)","order":9,"parentId":0,"scrollX":540,"scrollY":379},
{"id":7,"expanded":true,"name":"Rotation_RC_1","order":7,"parentId":2,"scrollX":545.3333333333334,"scrollY":293},
{"id":8,"expanded":true,"name":"Rotation_RC_2","order":8,"parentId":2,"scrollX":545.3333333333334,"scrollY":293},
{"id":9,"expanded":false,"name":"Wire_RC_2","order":6,"parentId":2,"scrollX":5164.363636363636,"scrollY":329.45454545454544},
{"id":10,"expanded":true,"name":"EndingMap","order":17,"parentId":0,"scrollX":728,"scrollY":409.77777777777777},
{"id":11,"expanded":false,"name":"CreditMap","order":18,"parentId":0,"scrollX":540,"scrollY":331},
{"id":12,"expanded":true,"name":"Rotation_FerrisWheel_1","order":15,"parentId":17,"scrollX":545.3333333333334,"scrollY":293},
{"id":13,"expanded":true,"name":"Wire_Ferris_Wheel_2","order":14,"parentId":17,"scrollX":540,"scrollY":335},
{"id":14,"expanded":true,"name":"Wire_Tutorial_1","order":11,"parentId":6,"scrollX":1804.3636363636363,"scrollY":329.45454545454544},
{"id":15,"expanded":true,"name":"Rotation_Tutorial_1","order":10,"parentId":6,"scrollX":595.6363636363636,"scrollY":335.27272727272725},
{"id":16,"expanded":true,"name":"Wire_Hub","order":2,"parentId":1,"scrollX":5164.666666666667,"scrollY":287.6666666666667},
{"id":17,"expanded":true,"name":"SPOKE2(Ferris Wheel)","order":12,"parentId":0,"scrollX":540,"scrollY":287.6666666666667},
null,
{"id":19,"expanded":true,"name":"Rotation_Hub","order":3,"parentId":1,"scrollX":545.3333333333334,"scrollY":293}
]