{
"autoplayBgm":true,"autoplayBgs":true,"battleback1Name":"","battleback2Name":"","bgm":{"name":"Dungeon3","pan":0,"pitch":100,"volume":20},"bgs":{"name":"","pan":0,"pitch":100,"volume":90},"disableDashing":false,"displayName":"","encounterList":[],"encounterStep":30,"height":9,"note":"","parallaxLoopX":false,"parallaxLoopY":false,"parallaxName":"","parallaxShow":true,"parallaxSx":0,"parallaxSy":0,"scrollType":0,"specifyBattleback":false,"tilesetId":6,"width":9,
"data":[6279,6283,6282,6286,1616,6283,6282,6286,6279,6277,1536,1536,1536,1536,1536,1536,1536,6277,6277,1536,1536,1536,1536,1536,1536,1536,6277,6285,1536,1536,1536,1536,1536,1536,1536,6285,1619,1536,1536,1536,1536,1536,1536,1536,1619,6279,1536,1536,1536,1536,1536,1536,1536,6287,6277,1536,1536,1536,1536,1536,1536,1536,1619,6277,1536,1536,1536,1536,1536,1536,1536,6279,6285,6283,6282,6286,1617,6283,6282,6286,6285,0,0,0,0,0,0,0,0,0,0,0,0,0,0,0,0,0,0,0,0,0,0,0,0,0,0,0,0,0,0,0,0,0,0,0,0,0,0,0,0,0,0,0,0,0,0,0,0,0,0,0,0,0,0,0,0,0,0,0,0,0,0,0,0,0,0,0,0,0,0,0,0,0,0,0,0,0,0,0,0,0,0,0,0,0,0,0,0,0,0,0,0,0,0,0,0,0,0,0,0,0,0,0,0,0,0,0,0,0,0,0,0,0,0,0,0,0,0,0,0,0,0,0,0,0,0,0,0,0,0,0,0,0,0,0,0,0,0,0,0,0,0,0,0,0,0,0,0,0,0,0,0,0,0,0,0,0,0,0,0,0,0,0,0,0,0,0,0,0,0,0,0,0,0,0,304,0,0,0,0,0,0,0,0,304,0,0,0,0,0,0,312,305,330,0,0,0,0,0,305,0,305,0,305,0,305,0,0,0,0,0,304,0,304,0,0,0,0,0,0,304,0,328,305,0,0,0,0,0,304,0,0,0,0,0,0,0,0,0,0,0,0,0,0,0,0,0,0,0,0,0,0,0,5,0,0,0,0,0,0,0,0,5,0,0,0,0,0,0,0,0,5,0,0,0,0,0,0,0,0,0,0,0,0,0,0,0,0,0,0,0,0,0,0,0,0,0,0,5,0,0,0,0,0,0,0,0,5,0,0,0,0,0,0,0,0,0,0,0,0,0,0,0,0,0,0,0,0,0,0,0,0,0,0,0,0,0,0,0,0,0,0,0,0,0,0,0,0,0,0,0,0,0,0,0,0,0,0,0,0,0,0,0,0,0,0,0,0,0,0,0,0,0,0,0,0,0,0,0,0,0,0,0,0,0,0,0,0,0,0,0,0,0,0,0,0,0,0,0,0,0,0,0,0,0],
"events":[
null,
{"id":1,"name":"EV001","note":"","pages":[{"conditions":{"actorId":1,"actorValid":false,"itemId":1,"itemValid":false,"selfSwitchCh":"B","selfSwitchValid":false,"switch1Id":1,"switch1Valid":false,"switch2Id":1,"switch2Valid":false,"variableId":1,"variableValid":false,"variableValue":0},"directionFix":false,"image":{"tileId":329,"characterName":"","characterIndex":0,"direction":2,"pattern":0},"list":[{"code":250,"indent":0,"parameters":[{"name":"Equip1","volume":90,"pitch":100,"pan":0}]},{"code":123,"indent":0,"parameters":["A",0]},{"code":122,"indent":0,"parameters":[3,3,1,0,1]},{"code":0,"indent":0,"parameters":[]}],"moveFrequency":3,"moveRoute":{"list":[{"code":0,"parameters":[]}],"repeat":true,"skippable":false,"wait":false},"moveSpeed":3,"moveType":0,"priorityType":0,"stepAnime":false,"through":false,"trigger":0,"walkAnime":true},{"conditions":{"actorId":1,"actorValid":false,"itemId":1,"itemValid":false,"selfSwitchCh":"A","selfSwitchValid":true,"switch1Id":1,"switch1Valid":false,"switch2Id":1,"switch2Valid":false,"variableId":1,"variableValid":false,"variableValue":0},"directionFix":false,"image":{"tileId":320,"characterName":"","characterIndex":0,"direction":2,"pattern":0},"list":[{"code":250,"indent":0,"parameters":[{"name":"Equip1","volume":90,"pitch":100,"pan":0}]},{"code":123,"indent":0,"parameters":["A",1]},{"code":123,"indent":0,"parameters":["B",0]},{"code":122,"indent":0,"parameters":[2,2,1,0,1]},{"code":122,"indent":0,"parameters":[3,3,1,0,1]},{"code":0,"indent":0,"parameters":[]}],"moveFrequency":3,"moveRoute":{"list":[{"code":0,"parameters":[]}],"repeat":true,"skippable":false,"wait":false},"moveSpeed":3,"moveType":0,"priorityType":0,"stepAnime":false,"through":false,"trigger":0,"walkAnime":true},{"conditions":{"actorId":1,"actorValid":false,"itemId":1,"itemValid":false,"selfSwitchCh":"B","selfSwitchValid":true,"switch1Id":1,"switch1Valid":false,"switch2Id":1,"switch2Valid":false,"variableId":1,"variableValid":false,"variableValue":0},"directionFix":false,"image":{"tileId":313,"characterName":"","characterIndex":0,"direction":2,"pattern":0},"list":[{"code":250,"indent":0,"parameters":[{"name":"Equip1","volume":90,"pitch":100,"pan":0}]},{"code":123,"indent":0,"parameters":["B",1]},{"code":123,"indent":0,"parameters":["C",0]},{"code":122,"indent":0,"parameters":[2,2,2,0,1]},{"code":122,"indent":0,"parameters":[3,3,1,0,1]},{"code":0,"indent":0,"parameters":[]}],"moveFrequency":3,"moveRoute":{"list":[{"code":0,"parameters":[]}],"repeat":true,"skippable":false,"wait":false},"moveSpeed":3,"moveType":0,"priorityType":0,"stepAnime":false,"through":false,"trigger":0,"walkAnime":true},{"conditions":{"actorId":1,"actorValid":false,"itemId":1,"itemValid":false,"selfSwitchCh":"C","selfSwitchValid":true,"switch1Id":1,"switch1Valid":false,"switch2Id":1,"switch2Valid":false,"variableId":1,"variableValid":false,"variableValue":0},"directionFix":false,"image":{"tileId":322,"characterName":"","characterIndex":0,"direction":2,"pattern":0},"list":[{"code":250,"indent":0,"parameters":[{"name":"Equip1","volume":90,"pitch":100,"pan":0}]},{"code":123,"indent":0,"parameters":["C",1]},{"code":122,"indent":0,"parameters":[3,3,1,0,1]},{"code":0,"indent":0,"parameters":[]}],"moveFrequency":3,"moveRoute":{"list":[{"code":0,"parameters":[]}],"repeat":true,"skippable":false,"wait":false},"moveSpeed":3,"moveType":0,"priorityType":0,"stepAnime":false,"through":false,"trigger":0,"walkAnime":true}],"x":4,"y":4},
{"id":2,"name":"EV002","note":"","pages":[{"conditions":{"actorId":1,"actorValid":false,"itemId":1,"itemValid":false,"selfSwitchCh":"B","selfSwitchValid":false,"switch1Id":1,"switch1Valid":false,"switch2Id":1,"switch2Valid":false,"variableId":1,"variableValid":false,"variableValue":0},"directionFix":false,"image":{"tileId":322,"characterName":"","characterIndex":0,"direction":2,"pattern":0},"list":[{"code":250,"indent":0,"parameters":[{"name":"Equip1","volume":90,"pitch":100,"pan":0}]},{"code":123,"indent":0,"parameters":["A",0]},{"code":122,"indent":0,"parameters":[3,3,1,0,1]},{"code":122,"indent":0,"parameters":[2,2,1,0,1]},{"code":0,"indent":0,"parameters":[]}],"moveFrequency":3,"moveRoute":{"list":[{"code":0,"parameters":[]}],"repeat":true,"skippable":false,"wait":false},"moveSpeed":3,"moveType":0,"priorityType":0,"stepAnime":false,"through":false,"trigger":0,"walkAnime":true},{"conditions":{"actorId":1,"actorValid":false,"itemId":1,"itemValid":false,"selfSwitchCh":"A","selfSwitchValid":true,"switch1Id":1,"switch1Valid":false,"switch2Id":1,"switch2Valid":false,"variableId":1,"variableValid":false,"variableValue":0},"directionFix":false,"image":{"tileId":329,"characterName":"","characterIndex":0,"direction":2,"pattern":0},"list":[{"code":250,"indent":0,"parameters":[{"name":"Equip1","volume":90,"pitch":100,"pan":0}]},{"code":123,"indent":0,"parameters":["A",1]},{"code":123,"indent":0,"parameters":["B",0]},{"code":122,"indent":0,"parameters":[3,3,1,0,1]},{"code":0,"indent":0,"parameters":[]}],"moveFrequency":3,"moveRoute":{"list":[{"code":0,"parameters":[]}],"repeat":true,"skippable":false,"wait":false},"moveSpeed":3,"moveType":0,"priorityType":0,"stepAnime":false,"through":false,"trigger":0,"walkAnime":true},{"conditions":{"actorId":1,"actorValid":false,"itemId":1,"itemValid":false,"selfSwitchCh":"B","selfSwitchValid":true,"switch1Id":1,"switch1Valid":false,"switch2Id":1,"switch2Valid":false,"variableId":1,"variableValid":false,"variableValue":0},"directionFix":false,"image":{"tileId":320,"characterName":"","characterIndex":0,"direction":2,"pattern":0},"list":[{"code":250,"indent":0,"parameters":[{"name":"Equip1","volume":90,"pitch":100,"pan":0}]},{"code":123,"indent":0,"parameters":["B",1]},{"code":123,"indent":0,"parameters":["C",0]},{"code":122,"indent":0,"parameters":[2,2,2,0,1]},{"code":122,"indent":0,"parameters":[3,3,1,0,1]},{"code":0,"indent":0,"parameters":[]}],"moveFrequency":3,"moveRoute":{"list":[{"code":0,"parameters":[]}],"repeat":true,"skippable":false,"wait":false},"moveSpeed":3,"moveType":0,"priorityType":0,"stepAnime":false,"through":false,"trigger":0,"walkAnime":true},{"conditions":{"actorId":1,"actorValid":false,"itemId":1,"itemValid":false,"selfSwitchCh":"C","selfSwitchValid":true,"switch1Id":1,"switch1Valid":false,"switch2Id":1,"switch2Valid":false,"variableId":1,"variableValid":false,"variableValue":0},"directionFix":false,"image":{"tileId":313,"characterName":"","characterIndex":0,"direction":2,"pattern":0},"list":[{"code":250,"indent":0,"parameters":[{"name":"Equip1","volume":90,"pitch":100,"pan":0}]},{"code":123,"indent":0,"parameters":["C",1]},{"code":122,"indent":0,"parameters":[3,3,1,0,1]},{"code":0,"indent":0,"parameters":[]}],"moveFrequency":3,"moveRoute":{"list":[{"code":0,"parameters":[]}],"repeat":true,"skippable":false,"wait":false},"moveSpeed":3,"moveType":0,"priorityType":0,"stepAnime":false,"through":false,"trigger":0,"walkAnime":true}],"x":2,"y":4},
{"id":3,"name":"EV003","note":"","pages":[{"conditions":{"actorId":1,"actorValid":false,"itemId":1,"itemValid":false,"selfSwitchCh":"B","selfSwitchValid":false,"switch1Id":1,"switch1Valid":false,"switch2Id":1,"switch2Valid":false,"variableId":1,"variableValid":false,"variableValue":0},"directionFix":false,"image":{"tileId":329,"characterName":"","characterIndex":0,"direction":2,"pattern":0},"list":[{"code":250,"indent":0,"parameters":[{"name":"Equip1","volume":90,"pitch":100,"pan":0}]},{"code":123,"indent":0,"parameters":["A",0]},{"code":122,"indent":0,"parameters":[3,3,1,0,1]},{"code":0,"indent":0,"parameters":[]}],"moveFrequency":3,"moveRoute":{"list":[{"code":0,"parameters":[]}],"repeat":true,"skippable":false,"wait":false},"moveSpeed":3,"moveType":0,"priorityType":0,"stepAnime":false,"through":false,"trigger":0,"walkAnime":true},{"conditions":{"actorId":1,"actorValid":false,"itemId":1,"itemValid":false,"selfSwitchCh":"A","selfSwitchValid":true,"switch1Id":1,"switch1Valid":false,"switch2Id":1,"switch2Valid":false,"variableId":1,"variableValid":false,"variableValue":0},"directionFix":false,"image":{"tileId":320,"characterName":"","characterIndex":0,"direction":2,"pattern":0},"list":[{"code":250,"indent":0,"parameters":[{"name":"Equip1","volume":90,"pitch":100,"pan":0}]},{"code":123,"indent":0,"parameters":["A",1]},{"code":123,"indent":0,"parameters":["B",0]},{"code":122,"indent":0,"parameters":[2,2,1,0,1]},{"code":122,"indent":0,"parameters":[3,3,1,0,1]},{"code":0,"indent":0,"parameters":[]}],"moveFrequency":3,"moveRoute":{"list":[{"code":0,"parameters":[]}],"repeat":true,"skippable":false,"wait":false},"moveSpeed":3,"moveType":0,"priorityType":0,"stepAnime":false,"through":false,"trigger":0,"walkAnime":true},{"conditions":{"actorId":1,"actorValid":false,"itemId":1,"itemValid":false,"selfSwitchCh":"B","selfSwitchValid":true,"switch1Id":1,"switch1Valid":false,"switch2Id":1,"switch2Valid":false,"variableId":1,"variableValid":false,"variableValue":0},"directionFix":false,"image":{"tileId":313,"characterName":"","characterIndex":0,"direction":2,"pattern":0},"list":[{"code":250,"indent":0,"parameters":[{"name":"Equip1","volume":90,"pitch":100,"pan":0}]},{"code":123,"indent":0,"parameters":["B",1]},{"code":123,"indent":0,"parameters":["C",0]},{"code":122,"indent":0,"parameters":[2,2,2,0,1]},{"code":122,"indent":0,"parameters":[3,3,1,0,1]},{"code":0,"indent":0,"parameters":[]}],"moveFrequency":3,"moveRoute":{"list":[{"code":0,"parameters":[]}],"repeat":true,"skippable":false,"wait":false},"moveSpeed":3,"moveType":0,"priorityType":0,"stepAnime":false,"through":false,"trigger":0,"walkAnime":true},{"conditions":{"actorId":1,"actorValid":false,"itemId":1,"itemValid":false,"selfSwitchCh":"C","selfSwitchValid":true,"switch1Id":1,"switch1Valid":false,"switch2Id":1,"switch2Valid":false,"variableId":1,"variableValid":false,"variableValue":0},"directionFix":false,"image":{"tileId":322,"characterName":"","characterIndex":0,"direction":2,"pattern":0},"list":[{"code":250,"indent":0,"parameters":[{"name":"Equip1","volume":90,"pitch":100,"pan":0}]},{"code":123,"indent":0,"parameters":["C",1]},{"code":122,"indent":0,"parameters":[3,3,1,0,1]},{"code":0,"indent":0,"parameters":[]}],"moveFrequency":3,"moveRoute":{"list":[{"code":0,"parameters":[]}],"repeat":true,"skippable":false,"wait":false},"moveSpeed":3,"moveType":0,"priorityType":0,"stepAnime":false,"through":false,"trigger":0,"walkAnime":true}],"x":6,"y":4},
{"id":4,"name":"RotationWincondition","note":"","pages":[{"conditions":{"actorId":1,"actorValid":false,"itemId":1,"itemValid":false,"selfSwitchCh":"A","selfSwitchValid":false,"switch1Id":1,"switch1Valid":false,"switch2Id":1,"switch2Valid":false,"variableId":1,"variableValid":false,"variableValue":0},"directionFix":false,"image":{"characterIndex":0,"characterName":"","direction":2,"pattern":0,"tileId":0},"list":[{"code":134,"indent":0,"parameters":[0]},{"code":135,"indent":0,"parameters":[0]},{"code":111,"indent":0,"parameters":[1,2,0,3,0]},{"code":121,"indent":1,"parameters":[5,5,1]},{"code":122,"indent":1,"parameters":[2,2,0,0,0]},{"code":122,"indent":1,"parameters":[3,3,0,0,0]},{"code":121,"indent":1,"parameters":[6,6,0]},{"code":250,"indent":1,"parameters":[{"name":"Computer","volume":90,"pitch":100,"pan":0}]},{"code":101,"indent":1,"parameters":["Actor1",0,0,2]},{"code":401,"indent":1,"parameters":["Success! minigame end"]},{"code":135,"indent":1,"parameters":[1]},{"code":134,"indent":1,"parameters":[1]},{"code":201,"indent":1,"parameters":[0,2,9,6,0,0]},{"code":0,"indent":1,"parameters":[]},{"code":411,"indent":0,"parameters":[]},{"code":0,"indent":1,"parameters":[]},{"code":412,"indent":0,"parameters":[]},{"code":0,"indent":0,"parameters":[]}],"moveFrequency":3,"moveRoute":{"list":[{"code":0,"parameters":[]}],"repeat":true,"skippable":false,"wait":false},"moveSpeed":3,"moveType":0,"priorityType":0,"stepAnime":false,"through":false,"trigger":4,"walkAnime":true}],"x":0,"y":0},
{"id":5,"name":"RotationWincondition","note":"","pages":[{"conditions":{"actorId":1,"actorValid":false,"itemId":1,"itemValid":false,"selfSwitchCh":"A","selfSwitchValid":false,"switch1Id":1,"switch1Valid":false,"switch2Id":1,"switch2Valid":false,"variableId":1,"variableValid":false,"variableValue":0},"directionFix":false,"image":{"characterIndex":0,"characterName":"","direction":2,"pattern":0,"tileId":0},"list":[{"code":111,"indent":0,"parameters":[1,3,0,5,3]},{"code":121,"indent":1,"parameters":[5,5,1]},{"code":122,"indent":1,"parameters":[2,2,0,0,0]},{"code":122,"indent":1,"parameters":[3,3,0,0,0]},{"code":250,"indent":1,"parameters":[{"name":"Buzzer1","volume":90,"pitch":100,"pan":0}]},{"code":101,"indent":1,"parameters":["Actor1",0,0,2]},{"code":401,"indent":1,"parameters":["Minigame Failed. Try again"]},{"code":355,"indent":1,"parameters":["var m = $gameMap.mapId();"]},{"code":655,"indent":1,"parameters":["for (var s = 1; s < $dataMap.events.length; s++){"]},{"code":655,"indent":1,"parameters":["$gameSelfSwitches.setValue([m, s, 'A'], false);"]},{"code":655,"indent":1,"parameters":["$gameSelfSwitches.setValue([m, s, 'B'], false);"]},{"code":655,"indent":1,"parameters":["$gameSelfSwitches.setValue([m, s, 'C'], false);"]},{"code":655,"indent":1,"parameters":["$gameSelfSwitches.setValue([m, s, 'D'], false);}"]},{"code":135,"indent":1,"parameters":[1]},{"code":134,"indent":1,"parameters":[1]},{"code":201,"indent":1,"parameters":[0,2,9,6,0,0]},{"code":0,"indent":1,"parameters":[]},{"code":411,"indent":0,"parameters":[]},{"code":0,"indent":1,"parameters":[]},{"code":412,"indent":0,"parameters":[]},{"code":0,"indent":0,"parameters":[]}],"moveFrequency":3,"moveRoute":{"list":[{"code":0,"parameters":[]}],"repeat":true,"skippable":false,"wait":false},"moveSpeed":3,"moveType":0,"priorityType":0,"stepAnime":false,"through":false,"trigger":4,"walkAnime":true}],"x":1,"y":0},
null
]
}