[
null,
{"id":1,"expanded":true,"name":"HUB","order":1,"parentId":0,"scrollX":811,"scrollY":521},
{"id":2,"expanded":true,"name":"SPOKE1","order":2,"parentId":1,"scrollX":817,"scrollY":472},
{"id":3,"expanded":true,"name":"Minigame_short","order":3,"parentId":2,"scrollX":819,"scrollY":461},
{"id":4,"expanded":true,"name":"Minigame_long","order":4,"parentId":2,"scrollX":819,"scrollY":453},
{"id":5,"expanded":true,"name":"Minigame_vertical","order":5,"parentId":2,"scrollX":811,"scrollY":461},
{"id":6,"expanded":false,"name":"IntroMap","order":9,"parentId":0,"scrollX":819,"scrollY":461},
{"id":7,"expanded":true,"name":"Rotation_wip","order":6,"parentId":2,"scrollX":819,"scrollY":461},
{"id":8,"expanded":false,"name":"Rotation_wip_2","order":7,"parentId":2,"scrollX":819,"scrollY":461},
{"id":9,"expanded":false,"name":"Minigame_short_2","order":8,"parentId":2,"scrollX":819,"scrollY":461}
]