[
null,
{"id":1,"list":[{"code":230,"indent":0,"parameters":[5]},{"code":111,"indent":0,"parameters":[11,"cancel"]},{"code":231,"indent":1,"parameters":[1,"Title_temp",0,0,0,0,100,100,255,0]},{"code":231,"indent":1,"parameters":[2,"save",0,0,0,0,100,100,255,0]},{"code":231,"indent":1,"parameters":[3,"load",0,0,0,0,100,100,255,0]},{"code":231,"indent":1,"parameters":[4,"map",0,0,0,0,100,100,255,0]},{"code":231,"indent":1,"parameters":[5,"config",0,0,0,0,100,100,255,0]},{"code":234,"indent":1,"parameters":[2,[34,-34,-68,170],1,false]},{"code":230,"indent":1,"parameters":[10]},{"code":250,"indent":1,"parameters":[{"name":"Book2","volume":90,"pitch":100,"pan":0}]},{"code":122,"indent":1,"parameters":[20,20,0,0,1]},{"code":112,"indent":1,"parameters":[]},{"code":108,"indent":2,"parameters":["Stop player movement"]},{"code":205,"indent":2,"parameters":[-1,{"list":[{"code":15,"parameters":[10],"indent":null},{"code":0}],"repeat":false,"skippable":false,"wait":false}]},{"code":505,"indent":2,"parameters":[{"code":15,"parameters":[10],"indent":null}]},{"code":108,"indent":2,"parameters":["Change menu control variable"]},{"code":111,"indent":2,"parameters":[11,"left"]},{"code":250,"indent":3,"parameters":[{"name":"Book1","volume":90,"pitch":100,"pan":0}]},{"code":122,"indent":3,"parameters":[20,20,2,0,1]},{"code":230,"indent":3,"parameters":[10]},{"code":0,"indent":3,"parameters":[]},{"code":412,"indent":2,"parameters":[]},{"code":111,"indent":2,"parameters":[11,"right"]},{"code":250,"indent":3,"parameters":[{"name":"Book1","volume":90,"pitch":100,"pan":0}]},{"code":122,"indent":3,"parameters":[20,20,1,0,1]},{"code":230,"indent":3,"parameters":[10]},{"code":0,"indent":3,"parameters":[]},{"code":412,"indent":2,"parameters":[]},{"code":111,"indent":2,"parameters":[1,20,0,0,0]},{"code":122,"indent":3,"parameters":[20,20,0,0,4]},{"code":0,"indent":3,"parameters":[]},{"code":412,"indent":2,"parameters":[]},{"code":111,"indent":2,"parameters":[1,20,0,5,0]},{"code":122,"indent":3,"parameters":[20,20,0,0,1]},{"code":0,"indent":3,"parameters":[]},{"code":412,"indent":2,"parameters":[]},{"code":108,"indent":2,"parameters":["Change highlighted pictures"]},{"code":234,"indent":2,"parameters":[2,[0,0,0,0],1,false]},{"code":234,"indent":2,"parameters":[3,[0,0,0,0],1,false]},{"code":234,"indent":2,"parameters":[4,[0,0,0,0],1,false]},{"code":234,"indent":2,"parameters":[5,[0,0,0,0],1,false]},{"code":111,"indent":2,"parameters":[1,20,0,1,0]},{"code":234,"indent":3,"parameters":[2,[34,-34,-68,170],1,false]},{"code":0,"indent":3,"parameters":[]},{"code":412,"indent":2,"parameters":[]},{"code":111,"indent":2,"parameters":[1,20,0,2,0]},{"code":234,"indent":3,"parameters":[3,[34,-34,-68,170],1,false]},{"code":0,"indent":3,"parameters":[]},{"code":412,"indent":2,"parameters":[]},{"code":111,"indent":2,"parameters":[1,20,0,3,0]},{"code":234,"indent":3,"parameters":[4,[34,-34,-68,170],1,false]},{"code":0,"indent":3,"parameters":[]},{"code":412,"indent":2,"parameters":[]},{"code":111,"indent":2,"parameters":[1,20,0,4,0]},{"code":234,"indent":3,"parameters":[5,[34,-34,-68,170],1,false]},{"code":0,"indent":3,"parameters":[]},{"code":412,"indent":2,"parameters":[]},{"code":111,"indent":2,"parameters":[11,"ok"]},{"code":111,"indent":3,"parameters":[1,20,0,1,0]},{"code":112,"indent":4,"parameters":[]},{"code":355,"indent":5,"parameters":["SceneManager.push(Scene_Save);"]},{"code":111,"indent":5,"parameters":[11,"cancel"]},{"code":230,"indent":6,"parameters":[10]},{"code":113,"indent":6,"parameters":[]},{"code":0,"indent":6,"parameters":[]},{"code":412,"indent":5,"parameters":[]},{"code":0,"indent":5,"parameters":[]},{"code":413,"indent":4,"parameters":[]},{"code":0,"indent":4,"parameters":[]},{"code":412,"indent":3,"parameters":[]},{"code":111,"indent":3,"parameters":[1,20,0,2,0]},{"code":112,"indent":4,"parameters":[]},{"code":355,"indent":5,"parameters":["SceneManager.push(Scene_Load);"]},{"code":111,"indent":5,"parameters":[11,"cancel"]},{"code":230,"indent":6,"parameters":[10]},{"code":113,"indent":6,"parameters":[]},{"code":0,"indent":6,"parameters":[]},{"code":412,"indent":5,"parameters":[]},{"code":0,"indent":5,"parameters":[]},{"code":413,"indent":4,"parameters":[]},{"code":0,"indent":4,"parameters":[]},{"code":412,"indent":3,"parameters":[]},{"code":111,"indent":3,"parameters":[1,20,0,3,0]},{"code":250,"indent":4,"parameters":[{"name":"Book2","volume":90,"pitch":100,"pan":0}]},{"code":112,"indent":4,"parameters":[]},{"code":205,"indent":5,"parameters":[-1,{"list":[{"code":15,"parameters":[10],"indent":null},{"code":0}],"repeat":false,"skippable":false,"wait":false}]},{"code":505,"indent":5,"parameters":[{"code":15,"parameters":[10],"indent":null}]},{"code":111,"indent":5,"parameters":[12,"$gameMap.mapId() == 001"]},{"code":231,"indent":6,"parameters":[50,"map_hub",0,0,0,0,100,100,255,0]},{"code":111,"indent":6,"parameters":[0,7,0]},{"code":231,"indent":7,"parameters":[51,"map_hub_sp1finished",0,0,0,0,100,100,255,0]},{"code":0,"indent":7,"parameters":[]},{"code":412,"indent":6,"parameters":[]},{"code":0,"indent":6,"parameters":[]},{"code":412,"indent":5,"parameters":[]},{"code":111,"indent":5,"parameters":[12,"$gameMap.mapId() == 002"]},{"code":231,"indent":6,"parameters":[10,"spoke1_default",0,0,0,0,100,100,255,0]},{"code":111,"indent":6,"parameters":[0,1,0]},{"code":231,"indent":7,"parameters":[11,"spoke1_1",0,0,0,0,100,100,255,0]},{"code":0,"indent":7,"parameters":[]},{"code":412,"indent":6,"parameters":[]},{"code":111,"indent":6,"parameters":[0,3,0]},{"code":231,"indent":7,"parameters":[12,"spoke1_2",0,0,0,0,100,100,255,0]},{"code":0,"indent":7,"parameters":[]},{"code":412,"indent":6,"parameters":[]},{"code":111,"indent":6,"parameters":[0,4,0]},{"code":231,"indent":7,"parameters":[13,"spoke1_3",0,0,0,0,100,100,255,0]},{"code":0,"indent":7,"parameters":[]},{"code":412,"indent":6,"parameters":[]},{"code":111,"indent":6,"parameters":[0,6,0]},{"code":231,"indent":7,"parameters":[14,"spoke1_4",0,0,0,0,100,100,255,0]},{"code":0,"indent":7,"parameters":[]},{"code":412,"indent":6,"parameters":[]},{"code":0,"indent":6,"parameters":[]},{"code":412,"indent":5,"parameters":[]},{"code":111,"indent":5,"parameters":[11,"cancel"]},{"code":250,"indent":6,"parameters":[{"name":"Equip2","volume":90,"pitch":100,"pan":0}]},{"code":235,"indent":6,"parameters":[50]},{"code":235,"indent":6,"parameters":[51]},{"code":235,"indent":6,"parameters":[10]},{"code":235,"indent":6,"parameters":[11]},{"code":235,"indent":6,"parameters":[12]},{"code":235,"indent":6,"parameters":[13]},{"code":235,"indent":6,"parameters":[14]},{"code":230,"indent":6,"parameters":[10]},{"code":113,"indent":6,"parameters":[]},{"code":0,"indent":6,"parameters":[]},{"code":412,"indent":5,"parameters":[]},{"code":0,"indent":5,"parameters":[]},{"code":413,"indent":4,"parameters":[]},{"code":0,"indent":4,"parameters":[]},{"code":412,"indent":3,"parameters":[]},{"code":111,"indent":3,"parameters":[1,20,0,4,0]},{"code":112,"indent":4,"parameters":[]},{"code":355,"indent":5,"parameters":["SceneManager.push(Scene_Options);"]},{"code":111,"indent":5,"parameters":[11,"cancel"]},{"code":230,"indent":6,"parameters":[10]},{"code":113,"indent":6,"parameters":[]},{"code":0,"indent":6,"parameters":[]},{"code":412,"indent":5,"parameters":[]},{"code":0,"indent":5,"parameters":[]},{"code":413,"indent":4,"parameters":[]},{"code":0,"indent":4,"parameters":[]},{"code":412,"indent":3,"parameters":[]},{"code":0,"indent":3,"parameters":[]},{"code":412,"indent":2,"parameters":[]},{"code":111,"indent":2,"parameters":[11,"cancel"]},{"code":250,"indent":3,"parameters":[{"name":"Equip2","volume":90,"pitch":100,"pan":0}]},{"code":235,"indent":3,"parameters":[1]},{"code":235,"indent":3,"parameters":[2]},{"code":235,"indent":3,"parameters":[3]},{"code":235,"indent":3,"parameters":[4]},{"code":235,"indent":3,"parameters":[5]},{"code":113,"indent":3,"parameters":[]},{"code":0,"indent":3,"parameters":[]},{"code":412,"indent":2,"parameters":[]},{"code":230,"indent":2,"parameters":[1]},{"code":0,"indent":2,"parameters":[]},{"code":413,"indent":1,"parameters":[]},{"code":230,"indent":1,"parameters":[10]},{"code":0,"indent":1,"parameters":[]},{"code":412,"indent":0,"parameters":[]},{"code":0,"indent":0,"parameters":[]}],"name":"Custom_Menu","switchId":100,"trigger":2},
{"id":2,"list":[{"code":0,"indent":0,"parameters":[]}],"name":"","switchId":1,"trigger":0},
{"id":3,"list":[{"code":0,"indent":0,"parameters":[]}],"name":"","switchId":1,"trigger":0},
{"id":4,"list":[{"code":0,"indent":0,"parameters":[]}],"name":"","switchId":1,"trigger":0}
]