{
"autoplayBgm":true,"autoplayBgs":true,"battleback1Name":"","battleback2Name":"","bgm":{"name":"Minigame","pan":0,"pitch":100,"volume":20},"bgs":{"name":"","pan":0,"pitch":100,"volume":90},"disableDashing":false,"displayName":"","encounterList":[],"encounterStep":30,"height":5,"note":"","parallaxLoopX":false,"parallaxLoopY":false,"parallaxName":"bg","parallaxShow":true,"parallaxSx":0,"parallaxSy":0,"scrollType":0,"specifyBattleback":false,"tilesetId":6,"width":6,
"data":[6275,6283,6282,6282,6286,6278,6277,1536,1536,1536,1536,6277,6277,1536,1536,1536,1536,6277,6277,1536,1536,1536,1536,6277,6281,6283,6282,6282,6286,6284,0,0,0,0,0,0,0,0,0,0,0,0,0,0,0,0,0,0,0,0,0,0,0,0,0,0,0,0,0,0,0,0,0,0,0,0,0,0,0,0,0,0,0,0,0,0,0,0,0,0,0,0,0,0,0,0,0,0,0,0,0,0,0,0,0,0,0,0,0,0,0,0,0,0,0,902,0,0,0,0,0,0,902,0,0,0,0,0,0,0,0,0,0,0,0,0,0,5,0,0,0,0,0,5,0,0,0,0,0,5,0,0,0,0,0,0,0,0,0,0,0,0,0,0,0,0,0,0,0,0,0,0,0,0,0,0,0,0,0,0,0,0,0,0,0,0,0,0,0,0],
"events":[
null,
{"id":1,"name":"EV001","note":"","pages":[{"conditions":{"actorId":1,"actorValid":false,"itemId":1,"itemValid":false,"selfSwitchCh":"B","selfSwitchValid":false,"switch1Id":1,"switch1Valid":false,"switch2Id":1,"switch2Valid":false,"variableId":1,"variableValid":false,"variableValue":0},"directionFix":false,"image":{"tileId":773,"characterName":"","characterIndex":0,"direction":2,"pattern":0},"list":[{"code":250,"indent":0,"parameters":[{"name":"Equip1","volume":90,"pitch":100,"pan":0}]},{"code":123,"indent":0,"parameters":["A",0]},{"code":122,"indent":0,"parameters":[3,3,2,0,1]},{"code":122,"indent":0,"parameters":[2,2,1,0,1]},{"code":0,"indent":0,"parameters":[]}],"moveFrequency":3,"moveRoute":{"list":[{"code":0,"parameters":[]}],"repeat":true,"skippable":false,"wait":false},"moveSpeed":3,"moveType":0,"priorityType":0,"stepAnime":false,"through":false,"trigger":0,"walkAnime":true},{"conditions":{"actorId":1,"actorValid":false,"itemId":1,"itemValid":false,"selfSwitchCh":"A","selfSwitchValid":true,"switch1Id":1,"switch1Valid":false,"switch2Id":1,"switch2Valid":false,"variableId":1,"variableValid":false,"variableValue":0},"directionFix":false,"image":{"tileId":772,"characterName":"","characterIndex":0,"direction":2,"pattern":0},"list":[{"code":250,"indent":0,"parameters":[{"name":"Equip1","volume":90,"pitch":100,"pan":0}]},{"code":123,"indent":0,"parameters":["A",1]},{"code":122,"indent":0,"parameters":[3,3,2,0,1]},{"code":122,"indent":0,"parameters":[2,2,2,0,1]},{"code":0,"indent":0,"parameters":[]}],"moveFrequency":3,"moveRoute":{"list":[{"code":0,"parameters":[]}],"repeat":true,"skippable":false,"wait":false},"moveSpeed":3,"moveType":0,"priorityType":0,"stepAnime":false,"through":false,"trigger":0,"walkAnime":true},{"conditions":{"actorId":1,"actorValid":false,"itemId":1,"itemValid":false,"selfSwitchCh":"A","selfSwitchValid":false,"switch1Id":31,"switch1Valid":true,"switch2Id":1,"switch2Valid":false,"variableId":1,"variableValid":false,"variableValue":0},"directionFix":false,"image":{"tileId":780,"characterName":"","characterIndex":0,"direction":2,"pattern":0},"list":[{"code":0,"indent":0,"parameters":[]}],"moveFrequency":3,"moveRoute":{"list":[{"code":0,"parameters":[]}],"repeat":true,"skippable":false,"wait":false},"moveSpeed":3,"moveType":0,"priorityType":0,"stepAnime":false,"through":false,"trigger":0,"walkAnime":true}],"x":3,"y":1},
{"id":2,"name":"EV002","note":"","pages":[{"conditions":{"actorId":1,"actorValid":false,"itemId":1,"itemValid":false,"selfSwitchCh":"B","selfSwitchValid":false,"switch1Id":1,"switch1Valid":false,"switch2Id":1,"switch2Valid":false,"variableId":1,"variableValid":false,"variableValue":0},"directionFix":false,"image":{"tileId":771,"characterName":"","characterIndex":0,"direction":2,"pattern":0},"list":[{"code":250,"indent":0,"parameters":[{"name":"Equip1","volume":90,"pitch":100,"pan":0}]},{"code":123,"indent":0,"parameters":["A",0]},{"code":122,"indent":0,"parameters":[3,3,2,0,1]},{"code":122,"indent":0,"parameters":[2,2,2,0,1]},{"code":0,"indent":0,"parameters":[]}],"moveFrequency":3,"moveRoute":{"list":[{"code":0,"parameters":[]}],"repeat":true,"skippable":false,"wait":false},"moveSpeed":3,"moveType":0,"priorityType":0,"stepAnime":false,"through":false,"trigger":0,"walkAnime":true},{"conditions":{"actorId":1,"actorValid":false,"itemId":1,"itemValid":false,"selfSwitchCh":"A","selfSwitchValid":true,"switch1Id":1,"switch1Valid":false,"switch2Id":1,"switch2Valid":false,"variableId":1,"variableValid":false,"variableValue":0},"directionFix":false,"image":{"tileId":768,"characterName":"","characterIndex":0,"direction":2,"pattern":0},"list":[{"code":250,"indent":0,"parameters":[{"name":"Equip1","volume":90,"pitch":100,"pan":0}]},{"code":123,"indent":0,"parameters":["A",1]},{"code":123,"indent":0,"parameters":["B",0]},{"code":122,"indent":0,"parameters":[3,3,2,0,1]},{"code":0,"indent":0,"parameters":[]}],"moveFrequency":3,"moveRoute":{"list":[{"code":0,"parameters":[]}],"repeat":true,"skippable":false,"wait":false},"moveSpeed":3,"moveType":0,"priorityType":0,"stepAnime":false,"through":false,"trigger":0,"walkAnime":true},{"conditions":{"actorId":1,"actorValid":false,"itemId":1,"itemValid":false,"selfSwitchCh":"B","selfSwitchValid":true,"switch1Id":1,"switch1Valid":false,"switch2Id":1,"switch2Valid":false,"variableId":1,"variableValid":false,"variableValue":0},"directionFix":false,"image":{"tileId":769,"characterName":"","characterIndex":0,"direction":2,"pattern":0},"list":[{"code":250,"indent":0,"parameters":[{"name":"Equip1","volume":90,"pitch":100,"pan":0}]},{"code":123,"indent":0,"parameters":["B",1]},{"code":123,"indent":0,"parameters":["C",0]},{"code":122,"indent":0,"parameters":[3,3,2,0,1]},{"code":0,"indent":0,"parameters":[]}],"moveFrequency":3,"moveRoute":{"list":[{"code":0,"parameters":[]}],"repeat":true,"skippable":false,"wait":false},"moveSpeed":3,"moveType":0,"priorityType":0,"stepAnime":false,"through":false,"trigger":0,"walkAnime":true},{"conditions":{"actorId":1,"actorValid":false,"itemId":1,"itemValid":false,"selfSwitchCh":"C","selfSwitchValid":true,"switch1Id":1,"switch1Valid":false,"switch2Id":1,"switch2Valid":false,"variableId":1,"variableValid":false,"variableValue":0},"directionFix":false,"image":{"tileId":770,"characterName":"","characterIndex":0,"direction":2,"pattern":0},"list":[{"code":250,"indent":0,"parameters":[{"name":"Equip1","volume":90,"pitch":100,"pan":0}]},{"code":123,"indent":0,"parameters":["C",1]},{"code":122,"indent":0,"parameters":[3,3,2,0,1]},{"code":122,"indent":0,"parameters":[2,2,1,0,1]},{"code":0,"indent":0,"parameters":[]}],"moveFrequency":3,"moveRoute":{"list":[{"code":0,"parameters":[]}],"repeat":true,"skippable":false,"wait":false},"moveSpeed":3,"moveType":0,"priorityType":0,"stepAnime":false,"through":false,"trigger":0,"walkAnime":true}],"x":4,"y":2},
{"id":3,"name":"EV003","note":"","pages":[{"conditions":{"actorId":1,"actorValid":false,"itemId":1,"itemValid":false,"selfSwitchCh":"B","selfSwitchValid":false,"switch1Id":1,"switch1Valid":false,"switch2Id":1,"switch2Valid":false,"variableId":1,"variableValid":false,"variableValue":0},"directionFix":false,"image":{"tileId":899,"characterName":"","characterIndex":0,"direction":2,"pattern":0},"list":[{"code":250,"indent":0,"parameters":[{"name":"Equip1","volume":90,"pitch":100,"pan":0}]},{"code":123,"indent":0,"parameters":["A",0]},{"code":122,"indent":0,"parameters":[3,3,2,0,1]},{"code":122,"indent":0,"parameters":[2,2,1,0,1]},{"code":0,"indent":0,"parameters":[]}],"moveFrequency":3,"moveRoute":{"list":[{"code":0,"parameters":[]}],"repeat":true,"skippable":false,"wait":false},"moveSpeed":3,"moveType":0,"priorityType":0,"stepAnime":false,"through":false,"trigger":0,"walkAnime":true},{"conditions":{"actorId":1,"actorValid":false,"itemId":1,"itemValid":false,"selfSwitchCh":"A","selfSwitchValid":true,"switch1Id":1,"switch1Valid":false,"switch2Id":1,"switch2Valid":false,"variableId":1,"variableValid":false,"variableValue":0},"directionFix":false,"image":{"tileId":900,"characterName":"","characterIndex":0,"direction":2,"pattern":0},"list":[{"code":250,"indent":0,"parameters":[{"name":"Equip1","volume":90,"pitch":100,"pan":0}]},{"code":123,"indent":0,"parameters":["A",1]},{"code":123,"indent":0,"parameters":["B",0]},{"code":122,"indent":0,"parameters":[3,3,2,0,1]},{"code":122,"indent":0,"parameters":[2,2,2,0,1]},{"code":0,"indent":0,"parameters":[]}],"moveFrequency":3,"moveRoute":{"list":[{"code":0,"parameters":[]}],"repeat":true,"skippable":false,"wait":false},"moveSpeed":3,"moveType":0,"priorityType":0,"stepAnime":false,"through":false,"trigger":0,"walkAnime":true},{"conditions":{"actorId":1,"actorValid":false,"itemId":1,"itemValid":false,"selfSwitchCh":"B","selfSwitchValid":true,"switch1Id":1,"switch1Valid":false,"switch2Id":1,"switch2Valid":false,"variableId":1,"variableValid":false,"variableValue":0},"directionFix":false,"image":{"tileId":901,"characterName":"","characterIndex":0,"direction":2,"pattern":0},"list":[{"code":250,"indent":0,"parameters":[{"name":"Equip1","volume":90,"pitch":100,"pan":0}]},{"code":123,"indent":0,"parameters":["B",1]},{"code":123,"indent":0,"parameters":["C",0]},{"code":122,"indent":0,"parameters":[3,3,2,0,1]},{"code":0,"indent":0,"parameters":[]}],"moveFrequency":3,"moveRoute":{"list":[{"code":0,"parameters":[]}],"repeat":true,"skippable":false,"wait":false},"moveSpeed":3,"moveType":0,"priorityType":0,"stepAnime":false,"through":false,"trigger":0,"walkAnime":true},{"conditions":{"actorId":1,"actorValid":false,"itemId":1,"itemValid":false,"selfSwitchCh":"C","selfSwitchValid":true,"switch1Id":1,"switch1Valid":false,"switch2Id":1,"switch2Valid":false,"variableId":1,"variableValid":false,"variableValue":0},"directionFix":false,"image":{"tileId":898,"characterName":"","characterIndex":0,"direction":2,"pattern":0},"list":[{"code":250,"indent":0,"parameters":[{"name":"Equip1","volume":90,"pitch":100,"pan":0}]},{"code":123,"indent":0,"parameters":["C",1]},{"code":122,"indent":0,"parameters":[3,3,2,0,1]},{"code":0,"indent":0,"parameters":[]}],"moveFrequency":3,"moveRoute":{"list":[{"code":0,"parameters":[]}],"repeat":true,"skippable":false,"wait":false},"moveSpeed":3,"moveType":0,"priorityType":0,"stepAnime":false,"through":false,"trigger":0,"walkAnime":true},{"conditions":{"actorId":1,"actorValid":false,"itemId":1,"itemValid":false,"selfSwitchCh":"A","selfSwitchValid":false,"switch1Id":31,"switch1Valid":true,"switch2Id":1,"switch2Valid":false,"variableId":1,"variableValid":false,"variableValue":0},"directionFix":false,"image":{"tileId":908,"characterName":"","characterIndex":0,"direction":2,"pattern":0},"list":[{"code":0,"indent":0,"parameters":[]}],"moveFrequency":3,"moveRoute":{"list":[{"code":0,"parameters":[]}],"repeat":true,"skippable":false,"wait":false},"moveSpeed":3,"moveType":0,"priorityType":0,"stepAnime":false,"through":false,"trigger":0,"walkAnime":true}],"x":4,"y":1},
{"id":4,"name":"RotationWincondition","note":"","pages":[{"conditions":{"actorId":1,"actorValid":false,"itemId":1,"itemValid":false,"selfSwitchCh":"A","selfSwitchValid":false,"switch1Id":1,"switch1Valid":false,"switch2Id":1,"switch2Valid":false,"variableId":1,"variableValid":false,"variableValue":0},"directionFix":false,"image":{"characterIndex":0,"characterName":"","direction":2,"pattern":0,"tileId":0},"list":[{"code":111,"indent":0,"parameters":[1,2,0,7,0]},{"code":121,"indent":1,"parameters":[5,5,1]},{"code":122,"indent":1,"parameters":[2,2,0,0,0]},{"code":122,"indent":1,"parameters":[3,3,0,0,0]},{"code":121,"indent":1,"parameters":[31,31,0]},{"code":356,"indent":1,"parameters":["BUST RIGHT TRUE"]},{"code":250,"indent":1,"parameters":[{"name":"Computer","volume":90,"pitch":100,"pan":0}]},{"code":356,"indent":1,"parameters":["light_bg #e5e5e5"]},{"code":101,"indent":1,"parameters":["Actor2",1,0,2]},{"code":401,"indent":1,"parameters":["Belle: Good job!"]},{"code":122,"indent":1,"parameters":[5,5,1,0,1]},{"code":355,"indent":1,"parameters":["$gameScreen.clearPictures();"]},{"code":121,"indent":1,"parameters":[100,100,0]},{"code":201,"indent":1,"parameters":[0,6,11,6,0,0]},{"code":230,"indent":1,"parameters":[20]},{"code":356,"indent":1,"parameters":["BUST LEFT FALSE"]},{"code":230,"indent":1,"parameters":[20]},{"code":356,"indent":1,"parameters":["BUST RIGHT TRUE"]},{"code":230,"indent":1,"parameters":[20]},{"code":356,"indent":1,"parameters":["BUST LEFT FALSE"]},{"code":111,"indent":1,"parameters":[2,"A",0]},{"code":101,"indent":2,"parameters":["",0,0,2]},{"code":401,"indent":2,"parameters":["The faint hum of neon fills the crisp night air; "]},{"code":401,"indent":2,"parameters":["its glow vanquishes the dusk that enveloped the"]},{"code":401,"indent":2,"parameters":["amusement park."]},{"code":0,"indent":2,"parameters":[]},{"code":412,"indent":1,"parameters":[]},{"code":0,"indent":1,"parameters":[]},{"code":412,"indent":0,"parameters":[]},{"code":111,"indent":0,"parameters":[1,3,0,0,0]},{"code":121,"indent":1,"parameters":[5,5,1]},{"code":122,"indent":1,"parameters":[2,2,0,0,0]},{"code":122,"indent":1,"parameters":[3,3,0,0,0]},{"code":356,"indent":1,"parameters":["BUST RIGHT TRUE"]},{"code":250,"indent":1,"parameters":[{"name":"Buzzer1","volume":90,"pitch":100,"pan":0}]},{"code":101,"indent":1,"parameters":["Actor2",2,0,2]},{"code":401,"indent":1,"parameters":["Belle: You should try that again. "]},{"code":355,"indent":1,"parameters":["var m = $gameMap.mapId();"]},{"code":655,"indent":1,"parameters":["for (var s = 1; s < $dataMap.events.length; s++){"]},{"code":655,"indent":1,"parameters":["$gameSelfSwitches.setValue([m, s, 'A'], false);"]},{"code":655,"indent":1,"parameters":["$gameSelfSwitches.setValue([m, s, 'B'], false);"]},{"code":655,"indent":1,"parameters":["$gameSelfSwitches.setValue([m, s, 'C'], false);"]},{"code":655,"indent":1,"parameters":["$gameSelfSwitches.setValue([m, s, 'D'], false);}"]},{"code":355,"indent":1,"parameters":["$gameScreen.clearPictures();"]},{"code":121,"indent":1,"parameters":[100,100,0]},{"code":201,"indent":1,"parameters":[0,6,11,6,0,0]},{"code":0,"indent":1,"parameters":[]},{"code":412,"indent":0,"parameters":[]},{"code":0,"indent":0,"parameters":[]}],"moveFrequency":3,"moveRoute":{"list":[{"code":0,"parameters":[]}],"repeat":true,"skippable":false,"wait":false},"moveSpeed":3,"moveType":0,"priorityType":0,"stepAnime":false,"through":false,"trigger":4,"walkAnime":true}],"x":0,"y":0},
null,
{"id":6,"name":"EV006","note":"","pages":[{"conditions":{"actorId":1,"actorValid":false,"itemId":1,"itemValid":false,"selfSwitchCh":"B","selfSwitchValid":false,"switch1Id":1,"switch1Valid":false,"switch2Id":1,"switch2Valid":false,"variableId":1,"variableValid":false,"variableValue":0},"directionFix":false,"image":{"tileId":777,"characterName":"","characterIndex":0,"direction":2,"pattern":0},"list":[{"code":250,"indent":0,"parameters":[{"name":"Equip1","volume":90,"pitch":100,"pan":0}]},{"code":123,"indent":0,"parameters":["A",0]},{"code":122,"indent":0,"parameters":[3,3,2,0,1]},{"code":122,"indent":0,"parameters":[2,2,1,0,1]},{"code":0,"indent":0,"parameters":[]}],"moveFrequency":3,"moveRoute":{"list":[{"code":0,"parameters":[]}],"repeat":true,"skippable":false,"wait":false},"moveSpeed":3,"moveType":0,"priorityType":0,"stepAnime":false,"through":false,"trigger":0,"walkAnime":true},{"conditions":{"actorId":1,"actorValid":false,"itemId":1,"itemValid":false,"selfSwitchCh":"A","selfSwitchValid":true,"switch1Id":1,"switch1Valid":false,"switch2Id":1,"switch2Valid":false,"variableId":1,"variableValid":false,"variableValue":0},"directionFix":false,"image":{"tileId":778,"characterName":"","characterIndex":0,"direction":2,"pattern":0},"list":[{"code":250,"indent":0,"parameters":[{"name":"Equip1","volume":90,"pitch":100,"pan":0}]},{"code":123,"indent":0,"parameters":["A",1]},{"code":123,"indent":0,"parameters":["B",0]},{"code":122,"indent":0,"parameters":[3,3,2,0,1]},{"code":122,"indent":0,"parameters":[2,2,2,0,1]},{"code":0,"indent":0,"parameters":[]}],"moveFrequency":3,"moveRoute":{"list":[{"code":0,"parameters":[]}],"repeat":true,"skippable":false,"wait":false},"moveSpeed":3,"moveType":0,"priorityType":0,"stepAnime":false,"through":false,"trigger":0,"walkAnime":true},{"conditions":{"actorId":1,"actorValid":false,"itemId":1,"itemValid":false,"selfSwitchCh":"B","selfSwitchValid":true,"switch1Id":1,"switch1Valid":false,"switch2Id":1,"switch2Valid":false,"variableId":1,"variableValid":false,"variableValue":0},"directionFix":false,"image":{"tileId":779,"characterName":"","characterIndex":0,"direction":2,"pattern":0},"list":[{"code":250,"indent":0,"parameters":[{"name":"Equip1","volume":90,"pitch":100,"pan":0}]},{"code":123,"indent":0,"parameters":["B",1]},{"code":123,"indent":0,"parameters":["C",0]},{"code":122,"indent":0,"parameters":[3,3,2,0,1]},{"code":0,"indent":0,"parameters":[]}],"moveFrequency":3,"moveRoute":{"list":[{"code":0,"parameters":[]}],"repeat":true,"skippable":false,"wait":false},"moveSpeed":3,"moveType":0,"priorityType":0,"stepAnime":false,"through":false,"trigger":0,"walkAnime":true},{"conditions":{"actorId":1,"actorValid":false,"itemId":1,"itemValid":false,"selfSwitchCh":"C","selfSwitchValid":true,"switch1Id":1,"switch1Valid":false,"switch2Id":1,"switch2Valid":false,"variableId":1,"variableValid":false,"variableValue":0},"directionFix":false,"image":{"tileId":776,"characterName":"","characterIndex":0,"direction":2,"pattern":0},"list":[{"code":250,"indent":0,"parameters":[{"name":"Equip1","volume":90,"pitch":100,"pan":0}]},{"code":123,"indent":0,"parameters":["C",1]},{"code":122,"indent":0,"parameters":[3,3,2,0,1]},{"code":0,"indent":0,"parameters":[]}],"moveFrequency":3,"moveRoute":{"list":[{"code":0,"parameters":[]}],"repeat":true,"skippable":false,"wait":false},"moveSpeed":3,"moveType":0,"priorityType":0,"stepAnime":false,"through":false,"trigger":0,"walkAnime":true},{"conditions":{"actorId":1,"actorValid":false,"itemId":1,"itemValid":false,"selfSwitchCh":"A","selfSwitchValid":false,"switch1Id":31,"switch1Valid":true,"switch2Id":1,"switch2Valid":false,"variableId":1,"variableValid":false,"variableValue":0},"directionFix":false,"image":{"tileId":786,"characterName":"","characterIndex":0,"direction":2,"pattern":0},"list":[{"code":0,"indent":0,"parameters":[]}],"moveFrequency":3,"moveRoute":{"list":[{"code":0,"parameters":[]}],"repeat":true,"skippable":false,"wait":false},"moveSpeed":3,"moveType":0,"priorityType":0,"stepAnime":false,"through":false,"trigger":0,"walkAnime":true}],"x":3,"y":3},
{"id":7,"name":"EV007","note":"","pages":[{"conditions":{"actorId":1,"actorValid":false,"itemId":1,"itemValid":false,"selfSwitchCh":"B","selfSwitchValid":false,"switch1Id":1,"switch1Valid":false,"switch2Id":1,"switch2Valid":false,"variableId":1,"variableValid":false,"variableValue":0},"directionFix":false,"image":{"tileId":776,"characterName":"","characterIndex":0,"direction":2,"pattern":0},"list":[{"code":250,"indent":0,"parameters":[{"name":"Equip1","volume":90,"pitch":100,"pan":0}]},{"code":123,"indent":0,"parameters":["A",0]},{"code":122,"indent":0,"parameters":[3,3,2,0,1]},{"code":122,"indent":0,"parameters":[2,2,2,0,1]},{"code":0,"indent":0,"parameters":[]}],"moveFrequency":3,"moveRoute":{"list":[{"code":0,"parameters":[]}],"repeat":true,"skippable":false,"wait":false},"moveSpeed":3,"moveType":0,"priorityType":0,"stepAnime":false,"through":false,"trigger":0,"walkAnime":true},{"conditions":{"actorId":1,"actorValid":false,"itemId":1,"itemValid":false,"selfSwitchCh":"A","selfSwitchValid":true,"switch1Id":1,"switch1Valid":false,"switch2Id":1,"switch2Valid":false,"variableId":1,"variableValid":false,"variableValue":0},"directionFix":false,"image":{"tileId":777,"characterName":"","characterIndex":0,"direction":2,"pattern":0},"list":[{"code":250,"indent":0,"parameters":[{"name":"Equip1","volume":90,"pitch":100,"pan":0}]},{"code":123,"indent":0,"parameters":["A",1]},{"code":123,"indent":0,"parameters":["B",0]},{"code":122,"indent":0,"parameters":[3,3,2,0,1]},{"code":0,"indent":0,"parameters":[]}],"moveFrequency":3,"moveRoute":{"list":[{"code":0,"parameters":[]}],"repeat":true,"skippable":false,"wait":false},"moveSpeed":3,"moveType":0,"priorityType":0,"stepAnime":false,"through":false,"trigger":0,"walkAnime":true},{"conditions":{"actorId":1,"actorValid":false,"itemId":1,"itemValid":false,"selfSwitchCh":"B","selfSwitchValid":true,"switch1Id":1,"switch1Valid":false,"switch2Id":1,"switch2Valid":false,"variableId":1,"variableValid":false,"variableValue":0},"directionFix":false,"image":{"tileId":778,"characterName":"","characterIndex":0,"direction":2,"pattern":0},"list":[{"code":250,"indent":0,"parameters":[{"name":"Equip1","volume":90,"pitch":100,"pan":0}]},{"code":123,"indent":0,"parameters":["B",1]},{"code":123,"indent":0,"parameters":["C",0]},{"code":122,"indent":0,"parameters":[3,3,2,0,1]},{"code":0,"indent":0,"parameters":[]}],"moveFrequency":3,"moveRoute":{"list":[{"code":0,"parameters":[]}],"repeat":true,"skippable":false,"wait":false},"moveSpeed":3,"moveType":0,"priorityType":0,"stepAnime":false,"through":false,"trigger":0,"walkAnime":true},{"conditions":{"actorId":1,"actorValid":false,"itemId":1,"itemValid":false,"selfSwitchCh":"C","selfSwitchValid":true,"switch1Id":1,"switch1Valid":false,"switch2Id":1,"switch2Valid":false,"variableId":1,"variableValid":false,"variableValue":0},"directionFix":false,"image":{"tileId":779,"characterName":"","characterIndex":0,"direction":2,"pattern":0},"list":[{"code":250,"indent":0,"parameters":[{"name":"Equip1","volume":90,"pitch":100,"pan":0}]},{"code":123,"indent":0,"parameters":["C",1]},{"code":122,"indent":0,"parameters":[3,3,2,0,1]},{"code":122,"indent":0,"parameters":[2,2,1,0,1]},{"code":0,"indent":0,"parameters":[]}],"moveFrequency":3,"moveRoute":{"list":[{"code":0,"parameters":[]}],"repeat":true,"skippable":false,"wait":false},"moveSpeed":3,"moveType":0,"priorityType":0,"stepAnime":false,"through":false,"trigger":0,"walkAnime":true},{"conditions":{"actorId":1,"actorValid":false,"itemId":1,"itemValid":false,"selfSwitchCh":"A","selfSwitchValid":false,"switch1Id":31,"switch1Valid":true,"switch2Id":1,"switch2Valid":false,"variableId":1,"variableValid":false,"variableValue":0},"directionFix":false,"image":{"tileId":784,"characterName":"","characterIndex":0,"direction":2,"pattern":0},"list":[{"code":0,"indent":0,"parameters":[]}],"moveFrequency":3,"moveRoute":{"list":[{"code":0,"parameters":[]}],"repeat":true,"skippable":false,"wait":false},"moveSpeed":3,"moveType":0,"priorityType":0,"stepAnime":false,"through":false,"trigger":0,"walkAnime":true}],"x":1,"y":3},
{"id":8,"name":"EV008","note":"","pages":[{"conditions":{"actorId":1,"actorValid":false,"itemId":1,"itemValid":false,"selfSwitchCh":"B","selfSwitchValid":false,"switch1Id":1,"switch1Valid":false,"switch2Id":1,"switch2Valid":false,"variableId":1,"variableValid":false,"variableValue":0},"directionFix":false,"image":{"tileId":897,"characterName":"","characterIndex":0,"direction":2,"pattern":0},"list":[{"code":250,"indent":0,"parameters":[{"name":"Equip1","volume":90,"pitch":100,"pan":0}]},{"code":123,"indent":0,"parameters":["A",0]},{"code":122,"indent":0,"parameters":[3,3,2,0,1]},{"code":122,"indent":0,"parameters":[2,2,1,0,1]},{"code":0,"indent":0,"parameters":[]}],"moveFrequency":3,"moveRoute":{"list":[{"code":0,"parameters":[]}],"repeat":true,"skippable":false,"wait":false},"moveSpeed":3,"moveType":0,"priorityType":0,"stepAnime":false,"through":false,"trigger":0,"walkAnime":true},{"conditions":{"actorId":1,"actorValid":false,"itemId":1,"itemValid":false,"selfSwitchCh":"A","selfSwitchValid":true,"switch1Id":1,"switch1Valid":false,"switch2Id":1,"switch2Valid":false,"variableId":1,"variableValid":false,"variableValue":0},"directionFix":false,"image":{"tileId":774,"characterName":"","characterIndex":0,"direction":2,"pattern":0},"list":[{"code":250,"indent":0,"parameters":[{"name":"Equip1","volume":90,"pitch":100,"pan":0}]},{"code":123,"indent":0,"parameters":["A",1]},{"code":123,"indent":0,"parameters":["B",0]},{"code":122,"indent":0,"parameters":[3,3,2,0,1]},{"code":122,"indent":0,"parameters":[2,2,2,0,1]},{"code":0,"indent":0,"parameters":[]}],"moveFrequency":3,"moveRoute":{"list":[{"code":0,"parameters":[]}],"repeat":true,"skippable":false,"wait":false},"moveSpeed":3,"moveType":0,"priorityType":0,"stepAnime":false,"through":false,"trigger":0,"walkAnime":true},{"conditions":{"actorId":1,"actorValid":false,"itemId":1,"itemValid":false,"selfSwitchCh":"B","selfSwitchValid":true,"switch1Id":1,"switch1Valid":false,"switch2Id":1,"switch2Valid":false,"variableId":1,"variableValid":false,"variableValue":0},"directionFix":false,"image":{"tileId":775,"characterName":"","characterIndex":0,"direction":2,"pattern":0},"list":[{"code":250,"indent":0,"parameters":[{"name":"Equip1","volume":90,"pitch":100,"pan":0}]},{"code":123,"indent":0,"parameters":["B",1]},{"code":123,"indent":0,"parameters":["C",0]},{"code":122,"indent":0,"parameters":[3,3,2,0,1]},{"code":0,"indent":0,"parameters":[]}],"moveFrequency":3,"moveRoute":{"list":[{"code":0,"parameters":[]}],"repeat":true,"skippable":false,"wait":false},"moveSpeed":3,"moveType":0,"priorityType":0,"stepAnime":false,"through":false,"trigger":0,"walkAnime":true},{"conditions":{"actorId":1,"actorValid":false,"itemId":1,"itemValid":false,"selfSwitchCh":"C","selfSwitchValid":true,"switch1Id":1,"switch1Valid":false,"switch2Id":1,"switch2Valid":false,"variableId":1,"variableValid":false,"variableValue":0},"directionFix":false,"image":{"tileId":896,"characterName":"","characterIndex":0,"direction":2,"pattern":0},"list":[{"code":250,"indent":0,"parameters":[{"name":"Equip1","volume":90,"pitch":100,"pan":0}]},{"code":123,"indent":0,"parameters":["C",1]},{"code":122,"indent":0,"parameters":[3,3,2,0,1]},{"code":0,"indent":0,"parameters":[]}],"moveFrequency":3,"moveRoute":{"list":[{"code":0,"parameters":[]}],"repeat":true,"skippable":false,"wait":false},"moveSpeed":3,"moveType":0,"priorityType":0,"stepAnime":false,"through":false,"trigger":0,"walkAnime":true},{"conditions":{"actorId":1,"actorValid":false,"itemId":1,"itemValid":false,"selfSwitchCh":"A","selfSwitchValid":false,"switch1Id":31,"switch1Valid":true,"switch2Id":1,"switch2Valid":false,"variableId":1,"variableValid":false,"variableValue":0},"directionFix":false,"image":{"tileId":782,"characterName":"","characterIndex":0,"direction":2,"pattern":0},"list":[{"code":0,"indent":0,"parameters":[]}],"moveFrequency":3,"moveRoute":{"list":[{"code":0,"parameters":[]}],"repeat":true,"skippable":false,"wait":false},"moveSpeed":3,"moveType":0,"priorityType":0,"stepAnime":false,"through":false,"trigger":0,"walkAnime":true}],"x":2,"y":3},
{"id":9,"name":"EV009","note":"","pages":[{"conditions":{"actorId":1,"actorValid":false,"itemId":1,"itemValid":false,"selfSwitchCh":"B","selfSwitchValid":false,"switch1Id":1,"switch1Valid":false,"switch2Id":1,"switch2Valid":false,"variableId":1,"variableValid":false,"variableValue":0},"directionFix":false,"image":{"tileId":899,"characterName":"","characterIndex":0,"direction":2,"pattern":0},"list":[{"code":250,"indent":0,"parameters":[{"name":"Equip1","volume":90,"pitch":100,"pan":0}]},{"code":123,"indent":0,"parameters":["A",0]},{"code":122,"indent":0,"parameters":[3,3,2,0,1]},{"code":122,"indent":0,"parameters":[2,2,1,0,1]},{"code":0,"indent":0,"parameters":[]}],"moveFrequency":3,"moveRoute":{"list":[{"code":0,"parameters":[]}],"repeat":true,"skippable":false,"wait":false},"moveSpeed":3,"moveType":0,"priorityType":0,"stepAnime":false,"through":false,"trigger":0,"walkAnime":true},{"conditions":{"actorId":1,"actorValid":false,"itemId":1,"itemValid":false,"selfSwitchCh":"A","selfSwitchValid":true,"switch1Id":1,"switch1Valid":false,"switch2Id":1,"switch2Valid":false,"variableId":1,"variableValid":false,"variableValue":0},"directionFix":false,"image":{"tileId":900,"characterName":"","characterIndex":0,"direction":2,"pattern":0},"list":[{"code":250,"indent":0,"parameters":[{"name":"Equip1","volume":90,"pitch":100,"pan":0}]},{"code":123,"indent":0,"parameters":["A",1]},{"code":123,"indent":0,"parameters":["B",0]},{"code":122,"indent":0,"parameters":[3,3,2,0,1]},{"code":122,"indent":0,"parameters":[2,2,2,0,1]},{"code":0,"indent":0,"parameters":[]}],"moveFrequency":3,"moveRoute":{"list":[{"code":0,"parameters":[]}],"repeat":true,"skippable":false,"wait":false},"moveSpeed":3,"moveType":0,"priorityType":0,"stepAnime":false,"through":false,"trigger":0,"walkAnime":true},{"conditions":{"actorId":1,"actorValid":false,"itemId":1,"itemValid":false,"selfSwitchCh":"B","selfSwitchValid":true,"switch1Id":1,"switch1Valid":false,"switch2Id":1,"switch2Valid":false,"variableId":1,"variableValid":false,"variableValue":0},"directionFix":false,"image":{"tileId":901,"characterName":"","characterIndex":0,"direction":2,"pattern":0},"list":[{"code":250,"indent":0,"parameters":[{"name":"Equip1","volume":90,"pitch":100,"pan":0}]},{"code":123,"indent":0,"parameters":["B",1]},{"code":123,"indent":0,"parameters":["C",0]},{"code":122,"indent":0,"parameters":[3,3,2,0,1]},{"code":0,"indent":0,"parameters":[]}],"moveFrequency":3,"moveRoute":{"list":[{"code":0,"parameters":[]}],"repeat":true,"skippable":false,"wait":false},"moveSpeed":3,"moveType":0,"priorityType":0,"stepAnime":false,"through":false,"trigger":0,"walkAnime":true},{"conditions":{"actorId":1,"actorValid":false,"itemId":1,"itemValid":false,"selfSwitchCh":"C","selfSwitchValid":true,"switch1Id":1,"switch1Valid":false,"switch2Id":1,"switch2Valid":false,"variableId":1,"variableValid":false,"variableValue":0},"directionFix":false,"image":{"tileId":898,"characterName":"","characterIndex":0,"direction":2,"pattern":0},"list":[{"code":250,"indent":0,"parameters":[{"name":"Equip1","volume":90,"pitch":100,"pan":0}]},{"code":123,"indent":0,"parameters":["C",1]},{"code":122,"indent":0,"parameters":[3,3,2,0,1]},{"code":0,"indent":0,"parameters":[]}],"moveFrequency":3,"moveRoute":{"list":[{"code":0,"parameters":[]}],"repeat":true,"skippable":false,"wait":false},"moveSpeed":3,"moveType":0,"priorityType":0,"stepAnime":false,"through":false,"trigger":0,"walkAnime":true},{"conditions":{"actorId":1,"actorValid":false,"itemId":1,"itemValid":false,"selfSwitchCh":"A","selfSwitchValid":false,"switch1Id":31,"switch1Valid":true,"switch2Id":1,"switch2Valid":false,"variableId":1,"variableValid":false,"variableValue":0},"directionFix":false,"image":{"tileId":908,"characterName":"","characterIndex":0,"direction":2,"pattern":0},"list":[{"code":0,"indent":0,"parameters":[]}],"moveFrequency":3,"moveRoute":{"list":[{"code":0,"parameters":[]}],"repeat":true,"skippable":false,"wait":false},"moveSpeed":3,"moveType":0,"priorityType":0,"stepAnime":false,"through":false,"trigger":0,"walkAnime":true}],"x":2,"y":2},
{"id":10,"name":"EV010","note":"","pages":[{"conditions":{"actorId":1,"actorValid":false,"itemId":1,"itemValid":false,"selfSwitchCh":"B","selfSwitchValid":false,"switch1Id":1,"switch1Valid":false,"switch2Id":1,"switch2Valid":false,"variableId":1,"variableValid":false,"variableValue":0},"directionFix":false,"image":{"tileId":899,"characterName":"","characterIndex":0,"direction":2,"pattern":0},"list":[{"code":250,"indent":0,"parameters":[{"name":"Equip1","volume":90,"pitch":100,"pan":0}]},{"code":123,"indent":0,"parameters":["A",0]},{"code":122,"indent":0,"parameters":[3,3,2,0,1]},{"code":122,"indent":0,"parameters":[2,2,2,0,1]},{"code":0,"indent":0,"parameters":[]}],"moveFrequency":3,"moveRoute":{"list":[{"code":0,"parameters":[]}],"repeat":true,"skippable":false,"wait":false},"moveSpeed":3,"moveType":0,"priorityType":0,"stepAnime":false,"through":false,"trigger":0,"walkAnime":true},{"conditions":{"actorId":1,"actorValid":false,"itemId":1,"itemValid":false,"selfSwitchCh":"A","selfSwitchValid":true,"switch1Id":1,"switch1Valid":false,"switch2Id":1,"switch2Valid":false,"variableId":1,"variableValid":false,"variableValue":0},"directionFix":false,"image":{"tileId":900,"characterName":"","characterIndex":0,"direction":2,"pattern":0},"list":[{"code":250,"indent":0,"parameters":[{"name":"Equip1","volume":90,"pitch":100,"pan":0}]},{"code":123,"indent":0,"parameters":["A",1]},{"code":123,"indent":0,"parameters":["B",0]},{"code":122,"indent":0,"parameters":[3,3,2,0,1]},{"code":0,"indent":0,"parameters":[]}],"moveFrequency":3,"moveRoute":{"list":[{"code":0,"parameters":[]}],"repeat":true,"skippable":false,"wait":false},"moveSpeed":3,"moveType":0,"priorityType":0,"stepAnime":false,"through":false,"trigger":0,"walkAnime":true},{"conditions":{"actorId":1,"actorValid":false,"itemId":1,"itemValid":false,"selfSwitchCh":"B","selfSwitchValid":true,"switch1Id":1,"switch1Valid":false,"switch2Id":1,"switch2Valid":false,"variableId":1,"variableValid":false,"variableValue":0},"directionFix":false,"image":{"tileId":901,"characterName":"","characterIndex":0,"direction":2,"pattern":0},"list":[{"code":250,"indent":0,"parameters":[{"name":"Equip1","volume":90,"pitch":100,"pan":0}]},{"code":123,"indent":0,"parameters":["B",1]},{"code":123,"indent":0,"parameters":["C",0]},{"code":122,"indent":0,"parameters":[3,3,2,0,1]},{"code":0,"indent":0,"parameters":[]}],"moveFrequency":3,"moveRoute":{"list":[{"code":0,"parameters":[]}],"repeat":true,"skippable":false,"wait":false},"moveSpeed":3,"moveType":0,"priorityType":0,"stepAnime":false,"through":false,"trigger":0,"walkAnime":true},{"conditions":{"actorId":1,"actorValid":false,"itemId":1,"itemValid":false,"selfSwitchCh":"C","selfSwitchValid":true,"switch1Id":1,"switch1Valid":false,"switch2Id":1,"switch2Valid":false,"variableId":1,"variableValid":false,"variableValue":0},"directionFix":false,"image":{"tileId":898,"characterName":"","characterIndex":0,"direction":2,"pattern":0},"list":[{"code":250,"indent":0,"parameters":[{"name":"Equip1","volume":90,"pitch":100,"pan":0}]},{"code":123,"indent":0,"parameters":["C",1]},{"code":122,"indent":0,"parameters":[3,3,2,0,1]},{"code":122,"indent":0,"parameters":[2,2,1,0,1]},{"code":0,"indent":0,"parameters":[]}],"moveFrequency":3,"moveRoute":{"list":[{"code":0,"parameters":[]}],"repeat":true,"skippable":false,"wait":false},"moveSpeed":3,"moveType":0,"priorityType":0,"stepAnime":false,"through":false,"trigger":0,"walkAnime":true},{"conditions":{"actorId":1,"actorValid":false,"itemId":1,"itemValid":false,"selfSwitchCh":"A","selfSwitchValid":false,"switch1Id":31,"switch1Valid":true,"switch2Id":1,"switch2Valid":false,"variableId":1,"variableValid":false,"variableValue":0},"directionFix":false,"image":{"tileId":907,"characterName":"","characterIndex":0,"direction":2,"pattern":0},"list":[{"code":0,"indent":0,"parameters":[]}],"moveFrequency":3,"moveRoute":{"list":[{"code":0,"parameters":[]}],"repeat":true,"skippable":false,"wait":false},"moveSpeed":3,"moveType":0,"priorityType":0,"stepAnime":false,"through":false,"trigger":0,"walkAnime":true}],"x":1,"y":1},
{"id":11,"name":"EV011","note":"","pages":[{"conditions":{"actorId":1,"actorValid":false,"itemId":1,"itemValid":false,"selfSwitchCh":"B","selfSwitchValid":false,"switch1Id":1,"switch1Valid":false,"switch2Id":1,"switch2Valid":false,"variableId":1,"variableValid":false,"variableValue":0},"directionFix":false,"image":{"tileId":773,"characterName":"","characterIndex":0,"direction":2,"pattern":0},"list":[{"code":250,"indent":0,"parameters":[{"name":"Equip1","volume":90,"pitch":100,"pan":0}]},{"code":123,"indent":0,"parameters":["A",0]},{"code":122,"indent":0,"parameters":[3,3,2,0,1]},{"code":122,"indent":0,"parameters":[2,2,1,0,1]},{"code":0,"indent":0,"parameters":[]}],"moveFrequency":3,"moveRoute":{"list":[{"code":0,"parameters":[]}],"repeat":true,"skippable":false,"wait":false},"moveSpeed":3,"moveType":0,"priorityType":0,"stepAnime":false,"through":false,"trigger":0,"walkAnime":true},{"conditions":{"actorId":1,"actorValid":false,"itemId":1,"itemValid":false,"selfSwitchCh":"A","selfSwitchValid":true,"switch1Id":1,"switch1Valid":false,"switch2Id":1,"switch2Valid":false,"variableId":1,"variableValid":false,"variableValue":0},"directionFix":false,"image":{"tileId":772,"characterName":"","characterIndex":0,"direction":2,"pattern":0},"list":[{"code":250,"indent":0,"parameters":[{"name":"Equip1","volume":90,"pitch":100,"pan":0}]},{"code":123,"indent":0,"parameters":["A",1]},{"code":122,"indent":0,"parameters":[3,3,2,0,1]},{"code":122,"indent":0,"parameters":[2,2,2,0,1]},{"code":0,"indent":0,"parameters":[]}],"moveFrequency":3,"moveRoute":{"list":[{"code":0,"parameters":[]}],"repeat":true,"skippable":false,"wait":false},"moveSpeed":3,"moveType":0,"priorityType":0,"stepAnime":false,"through":false,"trigger":0,"walkAnime":true},{"conditions":{"actorId":1,"actorValid":false,"itemId":1,"itemValid":false,"selfSwitchCh":"A","selfSwitchValid":false,"switch1Id":31,"switch1Valid":true,"switch2Id":1,"switch2Valid":false,"variableId":1,"variableValid":false,"variableValue":0},"directionFix":false,"image":{"tileId":780,"characterName":"","characterIndex":0,"direction":2,"pattern":0},"list":[{"code":0,"indent":0,"parameters":[]}],"moveFrequency":3,"moveRoute":{"list":[{"code":0,"parameters":[]}],"repeat":true,"skippable":false,"wait":false},"moveSpeed":3,"moveType":0,"priorityType":0,"stepAnime":false,"through":false,"trigger":0,"walkAnime":true}],"x":2,"y":1},
null,
{"id":13,"name":"EV013","note":"","pages":[{"conditions":{"actorId":1,"actorValid":false,"itemId":1,"itemValid":false,"selfSwitchCh":"B","selfSwitchValid":false,"switch1Id":1,"switch1Valid":false,"switch2Id":1,"switch2Valid":false,"variableId":1,"variableValid":false,"variableValue":0},"directionFix":false,"image":{"tileId":901,"characterName":"","characterIndex":0,"direction":2,"pattern":0},"list":[{"code":250,"indent":0,"parameters":[{"name":"Equip1","volume":90,"pitch":100,"pan":0}]},{"code":123,"indent":0,"parameters":["A",0]},{"code":122,"indent":0,"parameters":[3,3,2,0,1]},{"code":122,"indent":0,"parameters":[2,2,1,0,1]},{"code":0,"indent":0,"parameters":[]}],"moveFrequency":3,"moveRoute":{"list":[{"code":0,"parameters":[]}],"repeat":true,"skippable":false,"wait":false},"moveSpeed":3,"moveType":0,"priorityType":0,"stepAnime":false,"through":false,"trigger":0,"walkAnime":true},{"conditions":{"actorId":1,"actorValid":false,"itemId":1,"itemValid":false,"selfSwitchCh":"A","selfSwitchValid":true,"switch1Id":1,"switch1Valid":false,"switch2Id":1,"switch2Valid":false,"variableId":1,"variableValid":false,"variableValue":0},"directionFix":false,"image":{"tileId":898,"characterName":"","characterIndex":0,"direction":2,"pattern":0},"list":[{"code":250,"indent":0,"parameters":[{"name":"Equip1","volume":90,"pitch":100,"pan":0}]},{"code":123,"indent":0,"parameters":["A",1]},{"code":123,"indent":0,"parameters":["B",0]},{"code":122,"indent":0,"parameters":[3,3,2,0,1]},{"code":122,"indent":0,"parameters":[2,2,2,0,1]},{"code":0,"indent":0,"parameters":[]}],"moveFrequency":3,"moveRoute":{"list":[{"code":0,"parameters":[]}],"repeat":true,"skippable":false,"wait":false},"moveSpeed":3,"moveType":0,"priorityType":0,"stepAnime":false,"through":false,"trigger":0,"walkAnime":true},{"conditions":{"actorId":1,"actorValid":false,"itemId":1,"itemValid":false,"selfSwitchCh":"B","selfSwitchValid":true,"switch1Id":1,"switch1Valid":false,"switch2Id":1,"switch2Valid":false,"variableId":1,"variableValid":false,"variableValue":0},"directionFix":false,"image":{"tileId":899,"characterName":"","characterIndex":0,"direction":2,"pattern":0},"list":[{"code":250,"indent":0,"parameters":[{"name":"Equip1","volume":90,"pitch":100,"pan":0}]},{"code":123,"indent":0,"parameters":["B",1]},{"code":123,"indent":0,"parameters":["C",0]},{"code":122,"indent":0,"parameters":[3,3,2,0,1]},{"code":0,"indent":0,"parameters":[]}],"moveFrequency":3,"moveRoute":{"list":[{"code":0,"parameters":[]}],"repeat":true,"skippable":false,"wait":false},"moveSpeed":3,"moveType":0,"priorityType":0,"stepAnime":false,"through":false,"trigger":0,"walkAnime":true},{"conditions":{"actorId":1,"actorValid":false,"itemId":1,"itemValid":false,"selfSwitchCh":"C","selfSwitchValid":true,"switch1Id":1,"switch1Valid":false,"switch2Id":1,"switch2Valid":false,"variableId":1,"variableValid":false,"variableValue":0},"directionFix":false,"image":{"tileId":900,"characterName":"","characterIndex":0,"direction":2,"pattern":0},"list":[{"code":250,"indent":0,"parameters":[{"name":"Equip1","volume":90,"pitch":100,"pan":0}]},{"code":123,"indent":0,"parameters":["C",1]},{"code":122,"indent":0,"parameters":[3,3,2,0,1]},{"code":0,"indent":0,"parameters":[]}],"moveFrequency":3,"moveRoute":{"list":[{"code":0,"parameters":[]}],"repeat":true,"skippable":false,"wait":false},"moveSpeed":3,"moveType":0,"priorityType":0,"stepAnime":false,"through":false,"trigger":0,"walkAnime":true},{"conditions":{"actorId":1,"actorValid":false,"itemId":1,"itemValid":false,"selfSwitchCh":"A","selfSwitchValid":false,"switch1Id":31,"switch1Valid":true,"switch2Id":1,"switch2Valid":false,"variableId":1,"variableValid":false,"variableValue":0},"directionFix":false,"image":{"tileId":906,"characterName":"","characterIndex":0,"direction":2,"pattern":0},"list":[{"code":0,"indent":0,"parameters":[]}],"moveFrequency":3,"moveRoute":{"list":[{"code":0,"parameters":[]}],"repeat":true,"skippable":false,"wait":false},"moveSpeed":3,"moveType":0,"priorityType":0,"stepAnime":false,"through":false,"trigger":0,"walkAnime":true}],"x":1,"y":2}
]
}